date,away,home,vegas_line,min_line,mc_prob,mc_decision,mc_predicted_total,actual_total,actual_over,mc_bet,mc_result,prediction_error,buffer
"Fri, Nov 14, 2025",Sacramento Kings,Minnesota Timberwolves,233.9,218.9,79.2,MAYBE,231.9,234.0,True,False,SKIP,-2.0999999999999943,15.099999999999994
"Fri, Nov 14, 2025",Los Angeles Lakers,New Orleans Pelicans,229.9,214.9,78.0,MAYBE,229.2,222.0,True,False,SKIP,7.199999999999989,7.099999999999994
"Fri, Nov 14, 2025",Los Angeles Clippers,Dallas Mavericks,223.3,208.3,64.4,NO,215.2,260.0,True,False,SKIP,-44.80000000000001,51.69999999999999
"Fri, Nov 14, 2025",Golden State Warriors,San Antonio Spurs,236.1,221.1,79.3,MAYBE,234.2,217.0,False,False,SKIP,17.19999999999999,-4.099999999999994
"Fri, Nov 14, 2025",Philadelphia 76ers,Detroit Pistons,239.9,224.9,77.0,LEAN_NO,237.2,219.0,False,False,SKIP,18.19999999999999,-5.900000000000006
"Fri, Nov 14, 2025",Miami Heat,New York Knicks,246.2,231.2,76.4,LEAN_NO,244.7,272.0,True,False,SKIP,-27.30000000000001,40.80000000000001
"Fri, Nov 14, 2025",Brooklyn Nets,Orlando Magic,229.5,214.5,70.8,LEAN_NO,222.4,203.0,False,False,SKIP,19.400000000000006,-11.5
"Fri, Nov 14, 2025",Philadelphia 76ers,Detroit Pistons,239.9,224.9,78.8,MAYBE,237.6,219.0,False,False,SKIP,18.599999999999994,-5.900000000000006
"Fri, Nov 14, 2025",Portland Trail Blazers,Houston Rockets,243.6,228.6,62.4,NO,233.8,256.0,True,False,SKIP,-22.19999999999999,27.400000000000006
"Fri, Nov 14, 2025",Charlotte Hornets,Milwaukee Bucks,234.7,219.7,74.6,LEAN_NO,232.3,281.0,True,False,SKIP,-48.69999999999999,61.30000000000001
"Fri, Nov 14, 2025",Sacramento Kings,Minnesota Timberwolves,233.9,218.9,80.5,MAYBE,232.3,234.0,True,False,SKIP,-1.6999999999999886,15.099999999999994
"Fri, Nov 14, 2025",Portland Trail Blazers,Houston Rockets,243.6,228.6,65.8,NO,234.8,256.0,True,False,SKIP,-21.19999999999999,27.400000000000006
"Fri, Nov 14, 2025",Los Angeles Lakers,New Orleans Pelicans,229.9,214.9,77.7,LEAN_NO,228.8,222.0,True,False,SKIP,6.800000000000011,7.099999999999994
"Fri, Nov 14, 2025",Miami Heat,New York Knicks,246.2,231.2,75.8,LEAN_NO,244.8,272.0,True,False,SKIP,-27.19999999999999,40.80000000000001
"Fri, Nov 14, 2025",Los Angeles Clippers,Dallas Mavericks,223.3,208.3,62.8,NO,214.9,260.0,True,False,SKIP,-45.099999999999994,51.69999999999999
"Fri, Nov 14, 2025",Golden State Warriors,San Antonio Spurs,236.1,221.1,80.3,MAYBE,234.4,217.0,False,False,SKIP,17.400000000000006,-4.099999999999994
"Fri, Nov 14, 2025",Brooklyn Nets,Orlando Magic,229.5,214.5,71.9,LEAN_NO,222.9,203.0,False,False,SKIP,19.900000000000006,-11.5
"Fri, Nov 14, 2025",Charlotte Hornets,Milwaukee Bucks,234.7,219.7,75.3,LEAN_NO,233.1,281.0,True,False,SKIP,-47.900000000000006,61.30000000000001
"Fri, Nov 21, 2025",Indiana Pacers,Cleveland Cavaliers,231.3,216.3,75.6,LEAN_NO,229.9,229.0,True,False,SKIP,0.9000000000000057,12.699999999999989
"Fri, Nov 21, 2025",Brooklyn Nets,Boston Celtics,225.8,210.8,49.1,NO,211.0,218.0,True,False,SKIP,-7.0,7.199999999999989
"Fri, Nov 21, 2025",Washington Wizards,Toronto Raptors,235.3,220.3,81.1,MAYBE,234.7,250.0,True,False,SKIP,-15.300000000000011,29.69999999999999
"Fri, Nov 21, 2025",Miami Heat,Chicago Bulls,247.2,232.2,76.2,LEAN_NO,244.6,250.0,True,False,SKIP,-5.400000000000006,17.80000000000001
"Fri, Nov 21, 2025",New Orleans Pelicans,Dallas Mavericks,222.1,207.1,73.4,LEAN_NO,219.0,233.0,True,False,SKIP,-14.0,25.900000000000006
"Fri, Nov 21, 2025",Minnesota Timberwolves,Phoenix Suns,238.7,223.7,80.7,MAYBE,237.4,227.0,True,False,SKIP,10.400000000000006,3.3000000000000114
"Fri, Nov 21, 2025",Denver Nuggets,Houston Rockets,248.1,233.1,63.5,NO,238.3,221.0,False,False,SKIP,17.30000000000001,-12.099999999999994
"Fri, Nov 21, 2025",Oklahoma City Thunder,Utah Jazz,242.7,227.7,65.2,NO,236.6,256.0,True,False,SKIP,-19.400000000000006,28.30000000000001
"Fri, Nov 21, 2025",Indiana Pacers,Cleveland Cavaliers,231.3,216.3,73.6,LEAN_NO,228.9,229.0,True,False,SKIP,-0.09999999999999432,12.699999999999989
"Fri, Nov 21, 2025",Brooklyn Nets,Boston Celtics,225.8,210.8,48.0,NO,210.0,218.0,True,False,SKIP,-8.0,7.199999999999989
"Fri, Nov 21, 2025",Oklahoma City Thunder,Utah Jazz,242.7,227.7,63.8,NO,235.5,256.0,True,False,SKIP,-20.5,28.30000000000001
"Fri, Nov 21, 2025",Portland Trail Blazers,Golden State Warriors,237.1,222.1,77.3,LEAN_NO,234.9,250.0,True,False,SKIP,-15.099999999999994,27.900000000000006
"Fri, Nov 21, 2025",Denver Nuggets,Houston Rockets,248.1,233.1,61.6,NO,237.5,221.0,False,False,SKIP,16.5,-12.099999999999994
"Fri, Nov 21, 2025",Minnesota Timberwolves,Phoenix Suns,238.7,223.7,80.8,MAYBE,237.7,227.0,True,False,SKIP,10.699999999999989,3.3000000000000114
"Fri, Nov 21, 2025",New Orleans Pelicans,Dallas Mavericks,222.1,207.1,74.7,LEAN_NO,220.3,233.0,True,False,SKIP,-12.699999999999989,25.900000000000006
"Fri, Nov 21, 2025",Miami Heat,Chicago Bulls,247.2,232.2,74.6,LEAN_NO,244.0,250.0,True,False,SKIP,-6.0,17.80000000000001
"Fri, Nov 21, 2025",Washington Wizards,Toronto Raptors,235.3,220.3,79.1,MAYBE,234.4,250.0,True,False,SKIP,-15.599999999999994,29.69999999999999
"Fri, Nov 21, 2025",Portland Trail Blazers,Golden State Warriors,237.1,222.1,78.9,MAYBE,236.3,250.0,True,False,SKIP,-13.699999999999989,27.900000000000006
"Fri, Nov 7, 2025",Toronto Raptors,Atlanta Hawks,239.7,224.7,77.6,LEAN_NO,236.4,206.0,False,False,SKIP,30.400000000000006,-18.69999999999999
"Fri, Nov 7, 2025",Boston Celtics,Orlando Magic,234.9,219.9,65.8,NO,227.1,233.0,True,False,SKIP,-5.900000000000006,13.099999999999994
"Fri, Nov 7, 2025",Toronto Raptors,Atlanta Hawks,239.7,224.7,79.2,MAYBE,238.0,206.0,False,False,SKIP,32.0,-18.69999999999999
"Fri, Nov 7, 2025",Detroit Pistons,Brooklyn Nets,230.8,215.8,64.7,NO,222.1,232.0,True,False,SKIP,-9.900000000000006,16.19999999999999
"Fri, Nov 7, 2025",Houston Rockets,San Antonio Spurs,242.6,227.6,63.8,NO,232.9,231.0,True,False,SKIP,1.9000000000000057,3.4000000000000057
"Fri, Nov 7, 2025",Charlotte Hornets,Miami Heat,242.1,227.1,77.1,LEAN_NO,240.0,234.0,True,False,SKIP,6.0,6.900000000000006
"Fri, Nov 7, 2025",Chicago Bulls,Milwaukee Bucks,239.8,224.8,78.4,MAYBE,237.8,236.0,True,False,SKIP,1.8000000000000114,11.199999999999989
"Fri, Nov 7, 2025",Utah Jazz,Minnesota Timberwolves,239.7,224.7,74.2,LEAN_NO,238.0,234.0,True,False,SKIP,4.0,9.300000000000011
"Fri, Nov 7, 2025",Golden State Warriors,Denver Nuggets,241.6,226.6,82.0,MAYBE,239.8,233.0,True,False,SKIP,6.800000000000011,6.400000000000006
"Fri, Nov 7, 2025",Oklahoma City Thunder,Sacramento Kings,236.9,221.9,70.4,LEAN_NO,230.3,233.0,True,False,SKIP,-2.6999999999999886,11.099999999999994
"Fri, Nov 7, 2025",Cleveland Cavaliers,Washington Wizards,233.7,218.7,77.3,LEAN_NO,232.9,263.0,True,False,SKIP,-30.099999999999994,44.30000000000001
"Fri, Nov 7, 2025",Detroit Pistons,Brooklyn Nets,230.8,215.8,65.7,NO,221.4,232.0,True,False,SKIP,-10.599999999999994,16.19999999999999
"Fri, Nov 7, 2025",Dallas Mavericks,Memphis Grizzlies,223.8,208.8,77.2,LEAN_NO,223.0,222.0,True,False,SKIP,1.0,13.199999999999989
"Fri, Nov 7, 2025",Charlotte Hornets,Miami Heat,242.1,227.1,73.8,LEAN_NO,238.7,234.0,True,False,SKIP,4.699999999999989,6.900000000000006
"Fri, Nov 7, 2025",Dallas Mavericks,Memphis Grizzlies,223.8,208.8,74.8,LEAN_NO,222.1,222.0,True,False,SKIP,0.09999999999999432,13.199999999999989
"Fri, Nov 7, 2025",Houston Rockets,San Antonio Spurs,242.6,227.6,64.1,NO,233.1,231.0,True,False,SKIP,2.0999999999999943,3.4000000000000057
"Fri, Nov 7, 2025",Boston Celtics,Orlando Magic,234.9,219.9,64.9,NO,227.1,233.0,True,False,SKIP,-5.900000000000006,13.099999999999994
"Fri, Nov 7, 2025",Oklahoma City Thunder,Sacramento Kings,236.9,221.9,68.5,NO,229.9,233.0,True,False,SKIP,-3.0999999999999943,11.099999999999994
"Fri, Nov 7, 2025",Golden State Warriors,Denver Nuggets,241.6,226.6,81.8,MAYBE,240.3,233.0,True,False,SKIP,7.300000000000011,6.400000000000006
"Fri, Nov 7, 2025",Utah Jazz,Minnesota Timberwolves,239.7,224.7,74.2,LEAN_NO,238.8,234.0,True,False,SKIP,4.800000000000011,9.300000000000011
"Fri, Nov 7, 2025",Cleveland Cavaliers,Washington Wizards,233.7,218.7,78.7,MAYBE,232.9,263.0,True,False,SKIP,-30.099999999999994,44.30000000000001
"Fri, Nov 7, 2025",Chicago Bulls,Milwaukee Bucks,239.8,224.8,77.8,LEAN_NO,237.7,236.0,True,False,SKIP,1.6999999999999886,11.199999999999989
"Fri, Oct 24, 2025",Phoenix Suns,Los Angeles Clippers,230.9,215.9,65.0,NO,222.7,231.0,True,False,SKIP,-8.300000000000011,15.099999999999994
"Fri, Oct 24, 2025",Cleveland Cavaliers,Brooklyn Nets,230.0,215.0,65.0,NO,221.1,255.0,True,False,SKIP,-33.900000000000006,40.0
"Fri, Oct 24, 2025",Milwaukee Bucks,Toronto Raptors,238.9,223.9,76.9,LEAN_NO,238.1,238.0,True,False,SKIP,0.09999999999999432,14.099999999999994
"Fri, Oct 24, 2025",Atlanta Hawks,Orlando Magic,237.6,222.6,82.0,MAYBE,236.6,218.0,False,False,SKIP,18.599999999999994,-4.599999999999994
"Fri, Oct 24, 2025",Cleveland Cavaliers,Brooklyn Nets,230.0,215.0,64.0,NO,221.3,255.0,True,False,SKIP,-33.69999999999999,40.0
"Fri, Oct 24, 2025",Boston Celtics,New York Knicks,236.9,221.9,66.1,NO,228.7,200.0,False,False,SKIP,28.69999999999999,-21.900000000000006
"Fri, Oct 24, 2025",Minnesota Timberwolves,Los Angeles Lakers,238.9,223.9,79.8,MAYBE,237.5,238.0,True,False,SKIP,-0.5,14.099999999999994
"Fri, Oct 24, 2025",Washington Wizards,Dallas Mavericks,224.4,209.4,77.7,LEAN_NO,223.5,224.0,True,False,SKIP,-0.5,14.599999999999994
"Fri, Oct 24, 2025",Miami Heat,Memphis Grizzlies,238.2,223.2,77.7,LEAN_NO,236.8,260.0,True,False,SKIP,-23.19999999999999,36.80000000000001
"Fri, Oct 24, 2025",Utah Jazz,Sacramento Kings,232.4,217.4,72.1,LEAN_NO,229.8,209.0,False,False,SKIP,20.80000000000001,-8.400000000000006
"Fri, Oct 24, 2025",Detroit Pistons,Houston Rockets,243.9,228.9,63.7,NO,234.9,226.0,False,False,SKIP,8.900000000000006,-2.9000000000000057
"Fri, Oct 24, 2025",Detroit Pistons,Houston Rockets,243.9,228.9,60.7,NO,233.8,226.0,False,False,SKIP,7.800000000000011,-2.9000000000000057
"Fri, Oct 24, 2025",Boston Celtics,New York Knicks,236.9,221.9,63.1,NO,228.0,200.0,False,False,SKIP,28.0,-21.900000000000006
"Fri, Oct 24, 2025",San Antonio Spurs,New Orleans Pelicans,230.9,215.9,77.4,LEAN_NO,228.5,236.0,True,False,SKIP,-7.5,20.099999999999994
"Fri, Oct 24, 2025",Atlanta Hawks,Orlando Magic,237.6,222.6,78.6,MAYBE,236.0,218.0,False,False,SKIP,18.0,-4.599999999999994
"Fri, Oct 24, 2025",Miami Heat,Memphis Grizzlies,238.2,223.2,75.8,LEAN_NO,236.0,260.0,True,False,SKIP,-24.0,36.80000000000001
"Fri, Oct 24, 2025",Golden State Warriors,Portland Trail Blazers,237.1,222.1,76.6,LEAN_NO,234.6,258.0,True,False,SKIP,-23.400000000000006,35.900000000000006
"Fri, Oct 24, 2025",Minnesota Timberwolves,Los Angeles Lakers,238.9,223.9,77.3,LEAN_NO,237.3,238.0,True,False,SKIP,-0.6999999999999886,14.099999999999994
"Fri, Oct 24, 2025",Golden State Warriors,Portland Trail Blazers,237.1,222.1,78.2,MAYBE,235.4,258.0,True,False,SKIP,-22.599999999999994,35.900000000000006
"Fri, Oct 24, 2025",San Antonio Spurs,New Orleans Pelicans,230.9,215.9,77.5,LEAN_NO,228.7,236.0,True,False,SKIP,-7.300000000000011,20.099999999999994
"Fri, Oct 24, 2025",Milwaukee Bucks,Toronto Raptors,238.9,223.9,77.8,LEAN_NO,237.3,238.0,True,False,SKIP,-0.6999999999999886,14.099999999999994
"Fri, Oct 24, 2025",Washington Wizards,Dallas Mavericks,224.4,209.4,78.9,MAYBE,224.6,224.0,True,False,SKIP,0.5999999999999943,14.599999999999994
"Fri, Oct 24, 2025",Phoenix Suns,Los Angeles Clippers,230.9,215.9,64.5,NO,222.5,231.0,True,False,SKIP,-8.5,15.099999999999994
"Fri, Oct 24, 2025",Utah Jazz,Sacramento Kings,232.4,217.4,72.7,LEAN_NO,229.9,209.0,False,False,SKIP,20.900000000000006,-8.400000000000006
"Fri, Oct 31, 2025",Denver Nuggets,Portland Trail Blazers,245.1,230.1,80.1,MAYBE,243.6,216.0,False,False,SKIP,27.599999999999994,-14.099999999999994
"Fri, Oct 31, 2025",New Orleans Pelicans,Los Angeles Clippers,224.4,209.4,61.8,NO,215.5,250.0,True,False,SKIP,-34.5,40.599999999999994
"Fri, Oct 31, 2025",Los Angeles Lakers,Memphis Grizzlies,231.6,216.6,77.0,LEAN_NO,230.6,229.0,True,False,SKIP,1.5999999999999943,12.400000000000006
"Fri, Oct 31, 2025",New York Knicks,Chicago Bulls,243.6,228.6,77.5,LEAN_NO,241.5,260.0,True,False,SKIP,-18.5,31.400000000000006
"Fri, Oct 31, 2025",Toronto Raptors,Cleveland Cavaliers,241.2,226.2,77.1,LEAN_NO,239.2,213.0,False,False,SKIP,26.19999999999999,-13.199999999999989
"Fri, Oct 31, 2025",New Orleans Pelicans,Los Angeles Clippers,224.4,209.4,63.4,NO,216.2,250.0,True,False,SKIP,-33.80000000000001,40.599999999999994
"Fri, Oct 31, 2025",Atlanta Hawks,Indiana Pacers,229.8,214.8,77.8,LEAN_NO,227.9,236.0,True,False,SKIP,-8.099999999999994,21.19999999999999
"Fri, Oct 31, 2025",Boston Celtics,Philadelphia 76ers,234.9,219.9,61.0,NO,224.9,217.0,False,False,SKIP,7.900000000000006,-2.9000000000000057
"Fri, Oct 31, 2025",Utah Jazz,Phoenix Suns,237.2,222.2,70.8,LEAN_NO,234.7,214.0,False,False,SKIP,20.69999999999999,-8.199999999999989
"Fri, Oct 31, 2025",Denver Nuggets,Portland Trail Blazers,245.1,230.1,81.7,MAYBE,243.0,216.0,False,False,SKIP,27.0,-14.099999999999994
"Fri, Oct 31, 2025",Boston Celtics,Philadelphia 76ers,234.9,219.9,62.9,NO,226.6,217.0,False,False,SKIP,9.599999999999994,-2.9000000000000057
"Fri, Oct 31, 2025",Toronto Raptors,Cleveland Cavaliers,241.2,226.2,76.1,LEAN_NO,239.5,213.0,False,False,SKIP,26.5,-13.199999999999989
"Fri, Oct 31, 2025",New York Knicks,Chicago Bulls,243.6,228.6,79.2,MAYBE,241.6,260.0,True,False,SKIP,-18.400000000000006,31.400000000000006
"Fri, Oct 31, 2025",Los Angeles Lakers,Memphis Grizzlies,231.6,216.6,78.7,MAYBE,231.6,229.0,True,False,SKIP,2.5999999999999943,12.400000000000006
"Fri, Oct 31, 2025",Utah Jazz,Phoenix Suns,237.2,222.2,72.1,LEAN_NO,235.9,214.0,False,False,SKIP,21.900000000000006,-8.199999999999989
"Fri, Oct 31, 2025",Atlanta Hawks,Indiana Pacers,229.8,214.8,76.8,LEAN_NO,227.3,236.0,True,False,SKIP,-8.699999999999989,21.19999999999999
"Mon, Nov 10, 2025",Los Angeles Lakers,Charlotte Hornets,235.5,220.5,80.8,MAYBE,235.8,232.0,True,False,SKIP,3.8000000000000114,11.5
"Mon, Nov 10, 2025",Cleveland Cavaliers,Miami Heat,244.7,229.7,74.9,LEAN_NO,244.3,278.0,True,False,SKIP,-33.69999999999999,48.30000000000001
"Mon, Nov 10, 2025",Atlanta Hawks,Los Angeles Clippers,231.1,216.1,65.1,NO,222.6,207.0,False,False,SKIP,15.599999999999994,-9.099999999999994
"Mon, Nov 10, 2025",Minnesota Timberwolves,Utah Jazz,239.7,224.7,71.5,LEAN_NO,237.8,233.0,True,False,SKIP,4.800000000000011,8.300000000000011
"Mon, Nov 10, 2025",New Orleans Pelicans,Phoenix Suns,229.7,214.7,75.1,LEAN_NO,227.6,219.0,True,False,SKIP,8.599999999999994,4.300000000000011
"Mon, Nov 10, 2025",Milwaukee Bucks,Dallas Mavericks,228.0,213.0,74.6,LEAN_NO,226.7,230.0,True,False,SKIP,-3.3000000000000114,17.0
"Mon, Nov 10, 2025",Atlanta Hawks,Los Angeles Clippers,231.1,216.1,63.4,NO,222.2,207.0,False,False,SKIP,15.199999999999989,-9.099999999999994
"Mon, Nov 10, 2025",Cleveland Cavaliers,Miami Heat,244.7,229.7,70.6,LEAN_NO,241.4,278.0,True,False,SKIP,-36.599999999999994,48.30000000000001
"Mon, Nov 10, 2025",New Orleans Pelicans,Phoenix Suns,229.7,214.7,75.8,LEAN_NO,227.8,219.0,True,False,SKIP,8.800000000000011,4.300000000000011
"Mon, Nov 10, 2025",Los Angeles Lakers,Charlotte Hornets,235.5,220.5,77.8,LEAN_NO,234.4,232.0,True,False,SKIP,2.4000000000000057,11.5
"Mon, Nov 10, 2025",Washington Wizards,Detroit Pistons,234.5,219.5,80.0,MAYBE,234.0,272.0,True,False,SKIP,-38.0,52.5
"Mon, Nov 10, 2025",Portland Trail Blazers,Orlando Magic,239.6,224.6,80.1,MAYBE,239.1,227.0,True,False,SKIP,12.099999999999994,2.4000000000000057
"Mon, Nov 10, 2025",Minnesota Timberwolves,Utah Jazz,239.7,224.7,75.7,LEAN_NO,238.2,233.0,True,False,SKIP,5.199999999999989,8.300000000000011
"Mon, Nov 10, 2025",San Antonio Spurs,Chicago Bulls,241.6,226.6,81.4,MAYBE,240.2,238.0,True,False,SKIP,2.1999999999999886,11.400000000000006
"Mon, Nov 10, 2025",Milwaukee Bucks,Dallas Mavericks,228.0,213.0,74.5,LEAN_NO,226.1,230.0,True,False,SKIP,-3.9000000000000057,17.0
"Mon, Nov 10, 2025",San Antonio Spurs,Chicago Bulls,241.6,226.6,80.4,MAYBE,239.5,238.0,True,False,SKIP,1.5,11.400000000000006
"Mon, Nov 10, 2025",Portland Trail Blazers,Orlando Magic,239.6,224.6,78.8,MAYBE,239.3,227.0,True,False,SKIP,12.300000000000011,2.4000000000000057
"Mon, Nov 10, 2025",Washington Wizards,Detroit Pistons,234.5,219.5,79.7,MAYBE,233.9,272.0,True,False,SKIP,-38.099999999999994,52.5
"Mon, Nov 17, 2025",Chicago Bulls,Denver Nuggets,247.1,232.1,81.0,MAYBE,244.6,257.0,True,False,SKIP,-12.400000000000006,24.900000000000006
"Mon, Nov 17, 2025",Oklahoma City Thunder,New Orleans Pelicans,235.2,220.2,69.3,NO,229.4,235.0,True,False,SKIP,-5.599999999999994,14.800000000000011
"Mon, Nov 17, 2025",Dallas Mavericks,Minnesota Timberwolves,231.1,216.1,78.5,MAYBE,229.8,216.0,False,False,SKIP,13.800000000000011,-0.09999999999999432
"Mon, Nov 17, 2025",Charlotte Hornets,Toronto Raptors,238.6,223.6,81.5,MAYBE,237.3,218.0,False,False,SKIP,19.30000000000001,-5.599999999999994
"Mon, Nov 17, 2025",Los Angeles Clippers,Philadelphia 76ers,232.1,217.1,62.2,NO,223.1,218.0,True,False,SKIP,5.099999999999994,0.9000000000000057
"Mon, Nov 17, 2025",Indiana Pacers,Detroit Pistons,232.1,217.1,79.7,MAYBE,230.4,239.0,True,False,SKIP,-8.599999999999994,21.900000000000006
"Mon, Nov 17, 2025",Milwaukee Bucks,Cleveland Cavaliers,237.3,222.3,74.7,LEAN_NO,235.3,224.0,True,False,SKIP,11.300000000000011,1.6999999999999886
"Mon, Nov 17, 2025",Milwaukee Bucks,Cleveland Cavaliers,237.3,222.3,77.2,LEAN_NO,236.3,224.0,True,False,SKIP,12.300000000000011,1.6999999999999886
"Mon, Nov 17, 2025",New York Knicks,Miami Heat,246.2,231.2,74.2,LEAN_NO,243.2,228.0,False,False,SKIP,15.199999999999989,-3.1999999999999886
"Mon, Nov 17, 2025",Chicago Bulls,Denver Nuggets,247.1,232.1,83.6,MAYBE,246.2,257.0,True,False,SKIP,-10.800000000000011,24.900000000000006
"Mon, Nov 17, 2025",Oklahoma City Thunder,New Orleans Pelicans,235.2,220.2,66.9,NO,229.2,235.0,True,False,SKIP,-5.800000000000011,14.800000000000011
"Mon, Nov 17, 2025",Dallas Mavericks,Minnesota Timberwolves,231.1,216.1,80.7,MAYBE,230.0,216.0,False,False,SKIP,14.0,-0.09999999999999432
"Mon, Nov 17, 2025",Charlotte Hornets,Toronto Raptors,238.6,223.6,78.1,MAYBE,236.7,218.0,False,False,SKIP,18.69999999999999,-5.599999999999994
"Mon, Nov 17, 2025",New York Knicks,Miami Heat,246.2,231.2,74.4,LEAN_NO,243.5,228.0,False,False,SKIP,15.5,-3.1999999999999886
"Mon, Nov 17, 2025",Los Angeles Clippers,Philadelphia 76ers,232.1,217.1,61.3,NO,222.6,218.0,True,False,SKIP,4.599999999999994,0.9000000000000057
"Mon, Nov 17, 2025",Indiana Pacers,Detroit Pistons,232.1,217.1,78.5,MAYBE,230.6,239.0,True,False,SKIP,-8.400000000000006,21.900000000000006
"Mon, Nov 24, 2025",Cleveland Cavaliers,Toronto Raptors,241.2,226.2,76.8,LEAN_NO,239.6,209.0,False,False,SKIP,30.599999999999994,-17.19999999999999
"Mon, Nov 24, 2025",Detroit Pistons,Indiana Pacers,232.1,217.1,77.8,LEAN_NO,230.7,239.0,True,False,SKIP,-8.300000000000011,21.900000000000006
"Mon, Nov 24, 2025",Denver Nuggets,Memphis Grizzlies,238.1,223.1,83.3,MAYBE,237.3,240.0,True,False,SKIP,-2.6999999999999886,16.900000000000006
"Mon, Nov 24, 2025",Portland Trail Blazers,Milwaukee Bucks,237.8,222.8,75.3,LEAN_NO,235.4,218.0,False,False,SKIP,17.400000000000006,-4.800000000000011
"Mon, Nov 24, 2025",Chicago Bulls,New Orleans Pelicans,233.9,218.9,75.7,LEAN_NO,230.9,273.0,True,False,SKIP,-42.099999999999994,54.099999999999994
"Mon, Nov 24, 2025",Houston Rockets,Phoenix Suns,241.4,226.4,63.8,NO,232.2,206.0,False,False,SKIP,26.19999999999999,-20.400000000000006
"Mon, Nov 24, 2025",Utah Jazz,Golden State Warriors,235.9,220.9,73.3,LEAN_NO,234.0,251.0,True,False,SKIP,-17.0,30.099999999999994
"Mon, Nov 24, 2025",Minnesota Timberwolves,Sacramento Kings,233.9,218.9,81.0,MAYBE,232.0,229.0,True,False,SKIP,3.0,10.099999999999994
"Mon, Nov 24, 2025",New York Knicks,Brooklyn Nets,231.5,216.5,69.7,NO,223.3,213.0,False,False,SKIP,10.300000000000011,-3.5
"Mon, Nov 24, 2025",Utah Jazz,Golden State Warriors,235.9,220.9,75.4,LEAN_NO,235.7,251.0,True,False,SKIP,-15.300000000000011,30.099999999999994
"Mon, Nov 24, 2025",Houston Rockets,Phoenix Suns,241.4,226.4,63.2,NO,232.1,206.0,False,False,SKIP,26.099999999999994,-20.400000000000006
"Mon, Nov 24, 2025",Cleveland Cavaliers,Toronto Raptors,241.2,226.2,77.2,LEAN_NO,239.7,209.0,False,False,SKIP,30.69999999999999,-17.19999999999999
"Mon, Nov 24, 2025",Detroit Pistons,Indiana Pacers,232.1,217.1,76.1,LEAN_NO,229.4,239.0,True,False,SKIP,-9.599999999999994,21.900000000000006
"Mon, Nov 24, 2025",Portland Trail Blazers,Milwaukee Bucks,237.8,222.8,76.8,LEAN_NO,236.9,218.0,False,False,SKIP,18.900000000000006,-4.800000000000011
"Mon, Nov 24, 2025",Denver Nuggets,Memphis Grizzlies,238.1,223.1,80.8,MAYBE,236.2,240.0,True,False,SKIP,-3.8000000000000114,16.900000000000006
"Mon, Nov 24, 2025",Dallas Mavericks,Miami Heat,235.4,220.4,74.0,LEAN_NO,233.9,208.0,False,False,SKIP,25.900000000000006,-12.400000000000006
"Mon, Nov 24, 2025",Minnesota Timberwolves,Sacramento Kings,233.9,218.9,79.0,MAYBE,231.8,229.0,True,False,SKIP,2.8000000000000114,10.099999999999994
"Mon, Nov 24, 2025",Chicago Bulls,New Orleans Pelicans,233.9,218.9,77.5,LEAN_NO,231.5,273.0,True,False,SKIP,-41.5,54.099999999999994
"Mon, Nov 24, 2025",Dallas Mavericks,Miami Heat,235.4,220.4,73.8,LEAN_NO,234.0,208.0,False,False,SKIP,26.0,-12.400000000000006
"Mon, Nov 24, 2025",New York Knicks,Brooklyn Nets,231.5,216.5,64.8,NO,222.6,213.0,False,False,SKIP,9.599999999999994,-3.5
"Mon, Nov 3, 2025",Milwaukee Bucks,Indiana Pacers,229.0,214.0,74.5,LEAN_NO,226.4,232.0,True,False,SKIP,-5.599999999999994,18.0
"Mon, Nov 3, 2025",Miami Heat,Los Angeles Clippers,237.7,222.7,58.7,NO,227.3,239.0,True,False,SKIP,-11.699999999999989,16.30000000000001
"Mon, Nov 3, 2025",Los Angeles Lakers,Portland Trail Blazers,238.6,223.6,79.5,MAYBE,237.8,238.0,True,False,SKIP,-0.19999999999998863,14.400000000000006
"Mon, Nov 3, 2025",Sacramento Kings,Denver Nuggets,238.1,223.1,80.3,MAYBE,236.1,254.0,True,False,SKIP,-17.900000000000006,30.900000000000006
"Mon, Nov 3, 2025",Detroit Pistons,Memphis Grizzlies,233.9,218.9,78.1,MAYBE,231.5,220.0,True,False,SKIP,11.5,1.0999999999999943
"Mon, Nov 3, 2025",Dallas Mavericks,Houston Rockets,233.8,218.8,64.0,NO,225.9,212.0,False,False,SKIP,13.900000000000006,-6.800000000000011
"Mon, Nov 3, 2025",Washington Wizards,New York Knicks,235.2,220.2,80.2,MAYBE,234.4,221.0,True,False,SKIP,13.400000000000006,0.8000000000000114
"Mon, Nov 3, 2025",Utah Jazz,Boston Celtics,234.7,219.7,56.6,NO,224.3,208.0,False,False,SKIP,16.30000000000001,-11.699999999999989
"Mon, Nov 3, 2025",Minnesota Timberwolves,Brooklyn Nets,230.8,215.8,67.3,NO,222.0,234.0,True,False,SKIP,-12.0,18.19999999999999
"Mon, Nov 3, 2025",Milwaukee Bucks,Indiana Pacers,229.0,214.0,73.0,LEAN_NO,226.5,232.0,True,False,SKIP,-5.5,18.0
"Mon, Nov 3, 2025",Utah Jazz,Boston Celtics,234.7,219.7,63.2,NO,226.9,208.0,False,False,SKIP,18.900000000000006,-11.699999999999989
"Mon, Nov 3, 2025",Minnesota Timberwolves,Brooklyn Nets,230.8,215.8,66.8,NO,222.0,234.0,True,False,SKIP,-12.0,18.19999999999999
"Mon, Nov 3, 2025",Dallas Mavericks,Houston Rockets,233.8,218.8,63.6,NO,225.3,212.0,False,False,SKIP,13.300000000000011,-6.800000000000011
"Mon, Nov 3, 2025",Detroit Pistons,Memphis Grizzlies,233.9,218.9,78.0,MAYBE,231.6,220.0,True,False,SKIP,11.599999999999994,1.0999999999999943
"Mon, Nov 3, 2025",Sacramento Kings,Denver Nuggets,238.1,223.1,83.3,MAYBE,236.9,254.0,True,False,SKIP,-17.099999999999994,30.900000000000006
"Mon, Nov 3, 2025",Los Angeles Lakers,Portland Trail Blazers,238.6,223.6,79.2,MAYBE,238.7,238.0,True,False,SKIP,0.6999999999999886,14.400000000000006
"Mon, Nov 3, 2025",Miami Heat,Los Angeles Clippers,237.7,222.7,62.6,NO,229.0,239.0,True,False,SKIP,-10.0,16.30000000000001
"Mon, Nov 3, 2025",Washington Wizards,New York Knicks,235.2,220.2,79.0,MAYBE,234.1,221.0,True,False,SKIP,13.099999999999994,0.8000000000000114
"Mon, Oct 27, 2025",Boston Celtics,New Orleans Pelicans,227.2,212.2,62.2,NO,219.0,212.0,False,False,SKIP,7.0,-0.19999999999998863
"Mon, Oct 27, 2025",Portland Trail Blazers,Los Angeles Lakers,238.6,223.6,78.9,MAYBE,237.5,230.0,True,False,SKIP,7.5,6.400000000000006
"Mon, Oct 27, 2025",Toronto Raptors,San Antonio Spurs,240.7,225.7,81.5,MAYBE,238.7,224.0,False,False,SKIP,14.699999999999989,-1.6999999999999886
"Mon, Oct 27, 2025",Portland Trail Blazers,Los Angeles Lakers,238.6,223.6,78.3,MAYBE,237.0,230.0,True,False,SKIP,7.0,6.400000000000006
"Mon, Oct 27, 2025",Memphis Grizzlies,Golden State Warriors,230.1,215.1,78.2,MAYBE,228.4,249.0,True,False,SKIP,-20.599999999999994,33.900000000000006
"Mon, Oct 27, 2025",Denver Nuggets,Minnesota Timberwolves,245.4,230.4,85.8,YES,243.9,241.0,True,True,WIN,2.9000000000000057,10.599999999999994
"Mon, Oct 27, 2025",Brooklyn Nets,Houston Rockets,233.5,218.5,46.8,NO,218.2,246.0,True,False,SKIP,-27.80000000000001,27.5
"Mon, Oct 27, 2025",Atlanta Hawks,Chicago Bulls,240.6,225.6,78.1,MAYBE,238.1,251.0,True,False,SKIP,-12.900000000000006,25.400000000000006
"Mon, Oct 27, 2025",Orlando Magic,Philadelphia 76ers,238.6,223.6,78.7,MAYBE,237.5,260.0,True,False,SKIP,-22.5,36.400000000000006
"Mon, Oct 27, 2025",Cleveland Cavaliers,Detroit Pistons,240.4,225.4,76.5,LEAN_NO,238.2,211.0,False,False,SKIP,27.19999999999999,-14.400000000000006
"Mon, Oct 27, 2025",Oklahoma City Thunder,Dallas Mavericks,234.1,219.1,66.0,NO,227.4,195.0,False,False,SKIP,32.400000000000006,-24.099999999999994
"Mon, Oct 27, 2025",Phoenix Suns,Utah Jazz,237.2,222.2,72.2,LEAN_NO,235.4,272.0,True,False,SKIP,-36.599999999999994,49.80000000000001
"Mon, Oct 27, 2025",Atlanta Hawks,Chicago Bulls,240.6,225.6,78.2,MAYBE,239.0,251.0,True,False,SKIP,-12.0,25.400000000000006
"Mon, Oct 27, 2025",Brooklyn Nets,Houston Rockets,233.5,218.5,47.2,NO,217.4,246.0,True,False,SKIP,-28.599999999999994,27.5
"Mon, Oct 27, 2025",Cleveland Cavaliers,Detroit Pistons,240.4,225.4,77.7,LEAN_NO,239.0,211.0,False,False,SKIP,28.0,-14.400000000000006
"Mon, Oct 27, 2025",Boston Celtics,New Orleans Pelicans,227.2,212.2,63.8,NO,219.2,212.0,False,False,SKIP,7.199999999999989,-0.19999999999998863
"Mon, Oct 27, 2025",Orlando Magic,Philadelphia 76ers,238.6,223.6,76.7,LEAN_NO,236.6,260.0,True,False,SKIP,-23.400000000000006,36.400000000000006
"Mon, Oct 27, 2025",Oklahoma City Thunder,Dallas Mavericks,234.1,219.1,66.6,NO,227.4,195.0,False,False,SKIP,32.400000000000006,-24.099999999999994
"Mon, Oct 27, 2025",Phoenix Suns,Utah Jazz,237.2,222.2,72.1,LEAN_NO,235.1,272.0,True,False,SKIP,-36.900000000000006,49.80000000000001
"Mon, Oct 27, 2025",Denver Nuggets,Minnesota Timberwolves,245.4,230.4,83.5,MAYBE,243.4,241.0,True,False,SKIP,2.4000000000000057,10.599999999999994
"Mon, Oct 27, 2025",Memphis Grizzlies,Golden State Warriors,230.1,215.1,77.0,LEAN_NO,228.1,249.0,True,False,SKIP,-20.900000000000006,33.900000000000006
"Mon, Oct 27, 2025",Toronto Raptors,San Antonio Spurs,240.7,225.7,78.1,MAYBE,237.9,224.0,False,False,SKIP,13.900000000000006,-1.6999999999999886
"Sat, Nov 1, 2025",Minnesota Timberwolves,Charlotte Hornets,237.8,222.8,80.5,MAYBE,236.4,227.0,True,False,SKIP,9.400000000000006,4.199999999999989
"Sat, Nov 1, 2025",Houston Rockets,Boston Celtics,238.9,223.9,44.9,NO,222.6,229.0,True,False,SKIP,-6.400000000000006,5.099999999999994
"Sat, Nov 1, 2025",Dallas Mavericks,Detroit Pistons,231.1,216.1,77.6,LEAN_NO,230.2,232.0,True,False,SKIP,-1.8000000000000114,15.900000000000006
"Sat, Nov 1, 2025",Dallas Mavericks,Detroit Pistons,231.1,216.1,76.6,LEAN_NO,229.4,232.0,True,False,SKIP,-2.5999999999999943,15.900000000000006
"Sat, Nov 1, 2025",Houston Rockets,Boston Celtics,238.9,223.9,44.8,NO,222.1,229.0,True,False,SKIP,-6.900000000000006,5.099999999999994
"Sat, Nov 1, 2025",Sacramento Kings,Milwaukee Bucks,230.8,215.8,77.0,LEAN_NO,229.5,268.0,True,False,SKIP,-38.5,52.19999999999999
"Sat, Nov 1, 2025",Golden State Warriors,Indiana Pacers,228.3,213.3,76.5,LEAN_NO,226.3,223.0,True,False,SKIP,3.3000000000000114,9.699999999999989
"Sat, Nov 1, 2025",Golden State Warriors,Indiana Pacers,228.3,213.3,77.9,LEAN_NO,227.5,223.0,True,False,SKIP,4.5,9.699999999999989
"Sat, Nov 1, 2025",Minnesota Timberwolves,Charlotte Hornets,237.8,222.8,78.7,MAYBE,236.0,227.0,True,False,SKIP,9.0,4.199999999999989
"Sat, Nov 1, 2025",Sacramento Kings,Milwaukee Bucks,230.8,215.8,74.8,LEAN_NO,228.7,268.0,True,False,SKIP,-39.30000000000001,52.19999999999999
"Sat, Nov 1, 2025",Orlando Magic,Washington Wizards,233.2,218.2,81.8,MAYBE,233.3,219.0,True,False,SKIP,14.300000000000011,0.8000000000000114
"Sat, Nov 1, 2025",Orlando Magic,Washington Wizards,233.2,218.2,81.4,MAYBE,234.0,219.0,True,False,SKIP,15.0,0.8000000000000114
"Sat, Nov 15, 2025",Los Angeles Lakers,Milwaukee Bucks,235.8,220.8,76.5,LEAN_NO,234.9,214.0,False,False,SKIP,20.900000000000006,-6.800000000000011
"Sat, Nov 15, 2025",Toronto Raptors,Indiana Pacers,232.9,217.9,78.1,MAYBE,230.7,240.0,True,False,SKIP,-9.300000000000011,22.099999999999994
"Sat, Nov 15, 2025",Oklahoma City Thunder,Charlotte Hornets,240.8,225.8,70.6,LEAN_NO,234.5,205.0,False,False,SKIP,29.5,-20.80000000000001
"Sat, Nov 15, 2025",Memphis Grizzlies,Cleveland Cavaliers,233.1,218.1,77.5,LEAN_NO,231.6,208.0,False,False,SKIP,23.599999999999994,-10.099999999999994
"Sat, Nov 15, 2025",Denver Nuggets,Minnesota Timberwolves,245.4,230.4,81.1,MAYBE,242.7,235.0,True,False,SKIP,7.699999999999989,4.599999999999994
"Sat, Nov 15, 2025",Toronto Raptors,Indiana Pacers,232.9,217.9,77.6,LEAN_NO,230.2,240.0,True,False,SKIP,-9.800000000000011,22.099999999999994
"Sat, Nov 15, 2025",Memphis Grizzlies,Cleveland Cavaliers,233.1,218.1,77.6,LEAN_NO,231.1,208.0,False,False,SKIP,23.099999999999994,-10.099999999999994
"Sat, Nov 15, 2025",Oklahoma City Thunder,Charlotte Hornets,240.8,225.8,69.5,NO,234.1,205.0,False,False,SKIP,29.099999999999994,-20.80000000000001
"Sat, Nov 15, 2025",Denver Nuggets,Minnesota Timberwolves,245.4,230.4,84.7,MAYBE,243.1,235.0,True,False,SKIP,8.099999999999994,4.599999999999994
"Sat, Nov 15, 2025",Los Angeles Lakers,Milwaukee Bucks,235.8,220.8,77.1,LEAN_NO,235.3,214.0,False,False,SKIP,21.30000000000001,-6.800000000000011
"Sat, Nov 22, 2025",Memphis Grizzlies,Dallas Mavericks,223.8,208.8,76.3,LEAN_NO,222.1,198.0,False,False,SKIP,24.099999999999994,-10.800000000000011
"Sat, Nov 22, 2025",Detroit Pistons,Milwaukee Bucks,238.1,223.1,76.7,LEAN_NO,236.2,245.0,True,False,SKIP,-8.800000000000011,21.900000000000006
"Sat, Nov 22, 2025",Washington Wizards,Chicago Bulls,236.2,221.2,78.8,MAYBE,235.3,241.0,True,False,SKIP,-5.699999999999989,19.80000000000001
"Sat, Nov 22, 2025",Atlanta Hawks,New Orleans Pelicans,229.9,214.9,77.6,LEAN_NO,228.7,213.0,False,False,SKIP,15.699999999999989,-1.9000000000000057
"Sat, Nov 22, 2025",New York Knicks,Orlando Magic,240.6,225.6,82.1,MAYBE,240.5,254.0,True,False,SKIP,-13.5,28.400000000000006
"Sat, Nov 22, 2025",Los Angeles Clippers,Charlotte Hornets,230.0,215.0,63.9,NO,222.1,247.0,True,False,SKIP,-24.900000000000006,32.0
"Sat, Nov 22, 2025",Washington Wizards,Chicago Bulls,236.2,221.2,80.8,MAYBE,236.0,241.0,True,False,SKIP,-5.0,19.80000000000001
"Sat, Nov 22, 2025",Detroit Pistons,Milwaukee Bucks,238.1,223.1,77.2,LEAN_NO,236.8,245.0,True,False,SKIP,-8.199999999999989,21.900000000000006
"Sat, Nov 22, 2025",Memphis Grizzlies,Dallas Mavericks,223.8,208.8,76.8,LEAN_NO,222.2,198.0,False,False,SKIP,24.19999999999999,-10.800000000000011
"Sat, Nov 22, 2025",Atlanta Hawks,New Orleans Pelicans,229.9,214.9,73.5,LEAN_NO,227.2,213.0,False,False,SKIP,14.199999999999989,-1.9000000000000057
"Sat, Nov 22, 2025",Los Angeles Clippers,Charlotte Hornets,230.0,215.0,61.3,NO,221.1,247.0,True,False,SKIP,-25.900000000000006,32.0
"Sat, Nov 22, 2025",Sacramento Kings,Denver Nuggets,238.1,223.1,82.1,MAYBE,236.2,251.0,True,False,SKIP,-14.800000000000011,27.900000000000006
"Sat, Nov 22, 2025",Sacramento Kings,Denver Nuggets,238.1,223.1,84.2,MAYBE,236.4,251.0,True,False,SKIP,-14.599999999999994,27.900000000000006
"Sat, Nov 22, 2025",New York Knicks,Orlando Magic,240.6,225.6,79.8,MAYBE,239.9,254.0,True,False,SKIP,-14.099999999999994,28.400000000000006
"Sat, Nov 8, 2025",Portland Trail Blazers,Miami Heat,245.2,230.2,78.0,MAYBE,243.8,267.0,True,False,SKIP,-23.19999999999999,36.80000000000001
"Sat, Nov 8, 2025",Chicago Bulls,Cleveland Cavaliers,242.1,227.1,77.5,LEAN_NO,240.8,250.0,True,False,SKIP,-9.199999999999989,22.900000000000006
"Sat, Nov 8, 2025",Portland Trail Blazers,Miami Heat,245.2,230.2,76.7,LEAN_NO,243.7,267.0,True,False,SKIP,-23.30000000000001,36.80000000000001
"Sat, Nov 8, 2025",Phoenix Suns,Los Angeles Clippers,230.9,215.9,61.7,NO,222.2,217.0,True,False,SKIP,5.199999999999989,1.0999999999999943
"Sat, Nov 8, 2025",Indiana Pacers,Denver Nuggets,236.3,221.3,80.8,MAYBE,234.9,217.0,False,False,SKIP,17.900000000000006,-4.300000000000011
"Sat, Nov 8, 2025",New Orleans Pelicans,San Antonio Spurs,230.9,215.9,76.6,LEAN_NO,228.9,245.0,True,False,SKIP,-16.099999999999994,29.099999999999994
"Sat, Nov 8, 2025",New Orleans Pelicans,San Antonio Spurs,230.9,215.9,78.6,MAYBE,228.8,245.0,True,False,SKIP,-16.19999999999999,29.099999999999994
"Sat, Nov 8, 2025",Indiana Pacers,Denver Nuggets,236.3,221.3,80.3,MAYBE,234.7,217.0,False,False,SKIP,17.69999999999999,-4.300000000000011
"Sat, Nov 8, 2025",Phoenix Suns,Los Angeles Clippers,230.9,215.9,65.2,NO,222.8,217.0,True,False,SKIP,5.800000000000011,1.0999999999999943
"Sat, Nov 8, 2025",Los Angeles Lakers,Atlanta Hawks,236.6,221.6,78.2,MAYBE,235.0,224.0,True,False,SKIP,11.0,2.4000000000000057
"Sat, Nov 8, 2025",Dallas Mavericks,Washington Wizards,224.4,209.4,76.6,LEAN_NO,224.0,216.0,True,False,SKIP,8.0,6.599999999999994
"Sat, Nov 8, 2025",Chicago Bulls,Cleveland Cavaliers,242.1,227.1,79.9,MAYBE,240.7,250.0,True,False,SKIP,-9.300000000000011,22.900000000000006
"Sat, Nov 8, 2025",Los Angeles Lakers,Atlanta Hawks,236.6,221.6,80.1,MAYBE,235.7,224.0,True,False,SKIP,11.699999999999989,2.4000000000000057
"Sat, Nov 8, 2025",Toronto Raptors,Philadelphia 76ers,240.7,225.7,77.7,LEAN_NO,238.0,250.0,True,False,SKIP,-12.0,24.30000000000001
"Sat, Nov 8, 2025",Toronto Raptors,Philadelphia 76ers,240.7,225.7,78.4,MAYBE,237.8,250.0,True,False,SKIP,-12.199999999999989,24.30000000000001
"Sat, Nov 8, 2025",Dallas Mavericks,Washington Wizards,224.4,209.4,79.8,MAYBE,224.4,216.0,True,False,SKIP,8.400000000000006,6.599999999999994
"Sat, Oct 25, 2025",Chicago Bulls,Orlando Magic,241.6,226.6,83.0,MAYBE,242.2,208.0,False,False,SKIP,34.19999999999999,-18.599999999999994
"Sat, Oct 25, 2025",Oklahoma City Thunder,Atlanta Hawks,241.9,226.9,70.2,LEAN_NO,235.0,217.0,False,False,SKIP,18.0,-9.900000000000006
"Sat, Oct 25, 2025",Chicago Bulls,Orlando Magic,241.6,226.6,80.1,MAYBE,240.7,208.0,False,False,SKIP,32.69999999999999,-18.599999999999994
"Sat, Oct 25, 2025",Charlotte Hornets,Philadelphia 76ers,236.5,221.5,73.4,LEAN_NO,233.1,246.0,True,False,SKIP,-12.900000000000006,24.5
"Sat, Oct 25, 2025",Indiana Pacers,Memphis Grizzlies,224.8,209.8,77.3,LEAN_NO,222.7,231.0,True,False,SKIP,-8.300000000000011,21.19999999999999
"Sat, Oct 25, 2025",Phoenix Suns,Denver Nuggets,242.9,227.9,82.0,MAYBE,240.6,244.0,True,False,SKIP,-3.4000000000000057,16.099999999999994
"Sat, Oct 25, 2025",Phoenix Suns,Denver Nuggets,242.9,227.9,81.9,MAYBE,240.4,244.0,True,False,SKIP,-3.5999999999999943,16.099999999999994
"Sat, Oct 25, 2025",Indiana Pacers,Memphis Grizzlies,224.8,209.8,77.5,LEAN_NO,224.0,231.0,True,False,SKIP,-7.0,21.19999999999999
"Sat, Oct 25, 2025",Oklahoma City Thunder,Atlanta Hawks,241.9,226.9,67.1,NO,234.6,217.0,False,False,SKIP,17.599999999999994,-9.900000000000006
"Sat, Oct 25, 2025",Charlotte Hornets,Philadelphia 76ers,236.5,221.5,76.0,LEAN_NO,233.7,246.0,True,False,SKIP,-12.300000000000011,24.5
"Sun, Nov 16, 2025",Brooklyn Nets,Washington Wizards,224.1,209.1,67.9,NO,216.2,235.0,True,False,SKIP,-18.80000000000001,25.900000000000006
"Sun, Nov 16, 2025",Los Angeles Clippers,Boston Celtics,228.4,213.4,50.9,NO,213.7,239.0,True,False,SKIP,-25.30000000000001,25.599999999999994
"Sun, Nov 16, 2025",Atlanta Hawks,Phoenix Suns,236.4,221.4,77.7,LEAN_NO,234.1,246.0,True,False,SKIP,-11.900000000000006,24.599999999999994
"Sun, Nov 16, 2025",Orlando Magic,Houston Rockets,242.6,227.6,68.6,NO,235.2,230.0,True,False,SKIP,5.199999999999989,2.4000000000000057
"Sun, Nov 16, 2025",Portland Trail Blazers,Dallas Mavericks,230.8,215.8,71.9,LEAN_NO,227.8,271.0,True,False,SKIP,-43.19999999999999,55.19999999999999
"Sun, Nov 16, 2025",Golden State Warriors,New Orleans Pelicans,228.4,213.4,76.7,LEAN_NO,226.9,230.0,True,False,SKIP,-3.0999999999999943,16.599999999999994
"Sun, Nov 16, 2025",Orlando Magic,Houston Rockets,242.6,227.6,64.8,NO,234.2,230.0,True,False,SKIP,4.199999999999989,2.4000000000000057
"Sun, Nov 16, 2025",Sacramento Kings,San Antonio Spurs,232.6,217.6,81.1,MAYBE,230.7,233.0,True,False,SKIP,-2.3000000000000114,15.400000000000006
"Sun, Nov 16, 2025",Brooklyn Nets,Washington Wizards,224.1,209.1,67.6,NO,216.3,235.0,True,False,SKIP,-18.69999999999999,25.900000000000006
"Sun, Nov 16, 2025",Sacramento Kings,San Antonio Spurs,232.6,217.6,81.3,MAYBE,230.6,233.0,True,False,SKIP,-2.4000000000000057,15.400000000000006
"Sun, Nov 16, 2025",Los Angeles Clippers,Boston Celtics,228.4,213.4,50.8,NO,214.1,239.0,True,False,SKIP,-24.900000000000006,25.599999999999994
"Sun, Nov 16, 2025",Chicago Bulls,Utah Jazz,241.4,226.4,72.5,LEAN_NO,239.0,297.0,True,False,SKIP,-58.0,70.6
"Sun, Nov 16, 2025",Chicago Bulls,Utah Jazz,241.4,226.4,73.9,LEAN_NO,239.7,297.0,True,False,SKIP,-57.30000000000001,70.6
"Sun, Nov 16, 2025",Golden State Warriors,New Orleans Pelicans,228.4,213.4,76.4,LEAN_NO,226.5,230.0,True,False,SKIP,-3.5,16.599999999999994
"Sun, Nov 16, 2025",Portland Trail Blazers,Dallas Mavericks,230.8,215.8,75.2,LEAN_NO,228.6,271.0,True,False,SKIP,-42.400000000000006,55.19999999999999
"Sun, Nov 16, 2025",Atlanta Hawks,Phoenix Suns,236.4,221.4,77.7,LEAN_NO,233.3,246.0,True,False,SKIP,-12.699999999999989,24.599999999999994
"Sun, Nov 2, 2025",Memphis Grizzlies,Toronto Raptors,234.7,219.7,79.0,MAYBE,233.2,221.0,True,False,SKIP,12.199999999999989,1.3000000000000114
"Sun, Nov 2, 2025",Utah Jazz,Charlotte Hornets,236.3,221.3,70.3,LEAN_NO,234.3,229.0,True,False,SKIP,5.300000000000011,7.699999999999989
"Sun, Nov 2, 2025",Atlanta Hawks,Cleveland Cavaliers,238.1,223.1,75.2,LEAN_NO,235.8,226.0,True,False,SKIP,9.800000000000011,2.9000000000000057
"Sun, Nov 2, 2025",Memphis Grizzlies,Toronto Raptors,234.7,219.7,79.5,MAYBE,233.7,221.0,True,False,SKIP,12.699999999999989,1.3000000000000114
"Sun, Nov 2, 2025",Chicago Bulls,New York Knicks,243.6,228.6,74.6,LEAN_NO,240.4,244.0,True,False,SKIP,-3.5999999999999943,15.400000000000006
"Sun, Nov 2, 2025",San Antonio Spurs,Phoenix Suns,237.4,222.4,80.3,MAYBE,235.2,248.0,True,False,SKIP,-12.800000000000011,25.599999999999994
"Sun, Nov 2, 2025",Miami Heat,Los Angeles Lakers,243.2,228.2,75.8,LEAN_NO,241.9,250.0,True,False,SKIP,-8.099999999999994,21.80000000000001
"Sun, Nov 2, 2025",Philadelphia 76ers,Brooklyn Nets,229.5,214.5,63.3,NO,220.4,234.0,True,False,SKIP,-13.599999999999994,19.5
"Sun, Nov 2, 2025",New Orleans Pelicans,Oklahoma City Thunder,235.2,220.2,69.3,NO,229.6,243.0,True,False,SKIP,-13.400000000000006,22.80000000000001
"Sun, Nov 2, 2025",Miami Heat,Los Angeles Lakers,243.2,228.2,76.1,LEAN_NO,242.5,250.0,True,False,SKIP,-7.5,21.80000000000001
"Sun, Nov 2, 2025",New Orleans Pelicans,Oklahoma City Thunder,235.2,220.2,67.3,NO,228.2,243.0,True,False,SKIP,-14.800000000000011,22.80000000000001
"Sun, Nov 2, 2025",Utah Jazz,Charlotte Hornets,236.3,221.3,73.1,LEAN_NO,234.0,229.0,True,False,SKIP,5.0,7.699999999999989
"Sun, Nov 2, 2025",San Antonio Spurs,Phoenix Suns,237.4,222.4,81.6,MAYBE,235.2,248.0,True,False,SKIP,-12.800000000000011,25.599999999999994
"Sun, Nov 2, 2025",Chicago Bulls,New York Knicks,243.6,228.6,78.9,MAYBE,241.4,244.0,True,False,SKIP,-2.5999999999999943,15.400000000000006
"Sun, Nov 2, 2025",Atlanta Hawks,Cleveland Cavaliers,238.1,223.1,77.4,LEAN_NO,236.2,226.0,True,False,SKIP,10.199999999999989,2.9000000000000057
"Sun, Nov 2, 2025",Philadelphia 76ers,Brooklyn Nets,229.5,214.5,65.6,NO,221.0,234.0,True,False,SKIP,-13.0,19.5
"Sun, Nov 23, 2025",Los Angeles Lakers,Utah Jazz,237.4,222.4,71.2,LEAN_NO,235.6,214.0,False,False,SKIP,21.599999999999994,-8.400000000000006
"Sun, Nov 23, 2025",San Antonio Spurs,Phoenix Suns,237.4,222.4,80.2,MAYBE,235.6,213.0,False,False,SKIP,22.599999999999994,-9.400000000000006
"Sun, Nov 23, 2025",Miami Heat,Philadelphia 76ers,244.2,229.2,74.1,LEAN_NO,241.1,244.0,True,False,SKIP,-2.9000000000000057,14.800000000000011
"Sun, Nov 23, 2025",Los Angeles Clippers,Cleveland Cavaliers,232.6,217.6,60.8,NO,223.4,225.0,True,False,SKIP,-1.5999999999999943,7.400000000000006
"Sun, Nov 23, 2025",Brooklyn Nets,Toronto Raptors,231.6,216.6,64.7,NO,222.6,228.0,True,False,SKIP,-5.400000000000006,11.400000000000006
"Sun, Nov 23, 2025",Portland Trail Blazers,Oklahoma City Thunder,243.9,228.9,70.5,LEAN_NO,237.9,217.0,False,False,SKIP,20.900000000000006,-11.900000000000006
"Sun, Nov 23, 2025",Miami Heat,Philadelphia 76ers,244.2,229.2,73.2,LEAN_NO,241.6,244.0,True,False,SKIP,-2.4000000000000057,14.800000000000011
"Sun, Nov 23, 2025",Los Angeles Lakers,Utah Jazz,237.4,222.4,75.4,LEAN_NO,236.9,214.0,False,False,SKIP,22.900000000000006,-8.400000000000006
"Sun, Nov 23, 2025",Orlando Magic,Boston Celtics,234.9,219.9,64.1,NO,226.1,267.0,True,False,SKIP,-40.900000000000006,47.099999999999994
"Sun, Nov 23, 2025",San Antonio Spurs,Phoenix Suns,237.4,222.4,79.6,MAYBE,235.0,213.0,False,False,SKIP,22.0,-9.400000000000006
"Sun, Nov 23, 2025",Brooklyn Nets,Toronto Raptors,231.6,216.6,67.8,NO,223.0,228.0,True,False,SKIP,-5.0,11.400000000000006
"Sun, Nov 23, 2025",Los Angeles Clippers,Cleveland Cavaliers,232.6,217.6,64.2,NO,224.0,225.0,True,False,SKIP,-1.0,7.400000000000006
"Sun, Nov 23, 2025",Orlando Magic,Boston Celtics,234.9,219.9,65.7,NO,227.5,267.0,True,False,SKIP,-39.5,47.099999999999994
"Sun, Nov 23, 2025",Charlotte Hornets,Atlanta Hawks,235.5,220.5,76.3,LEAN_NO,232.8,223.0,True,False,SKIP,9.800000000000011,2.5
"Sun, Nov 23, 2025",Portland Trail Blazers,Oklahoma City Thunder,243.9,228.9,68.6,NO,238.0,217.0,False,False,SKIP,21.0,-11.900000000000006
"Sun, Nov 23, 2025",Charlotte Hornets,Atlanta Hawks,235.5,220.5,76.8,LEAN_NO,233.1,223.0,True,False,SKIP,10.099999999999994,2.5
"Sun, Nov 9, 2025",Boston Celtics,Orlando Magic,234.9,219.9,66.9,NO,227.1,218.0,False,False,SKIP,9.099999999999994,-1.9000000000000057
"Sun, Nov 9, 2025",Brooklyn Nets,New York Knicks,231.5,216.5,66.5,NO,223.0,232.0,True,False,SKIP,-9.0,15.5
"Sun, Nov 9, 2025",Detroit Pistons,Philadelphia 76ers,239.9,224.9,78.0,MAYBE,236.9,219.0,False,False,SKIP,17.900000000000006,-5.900000000000006
"Sun, Nov 9, 2025",Detroit Pistons,Philadelphia 76ers,239.9,224.9,77.5,LEAN_NO,237.2,219.0,False,False,SKIP,18.19999999999999,-5.900000000000006
"Sun, Nov 9, 2025",Minnesota Timberwolves,Sacramento Kings,233.9,218.9,79.9,MAYBE,232.1,261.0,True,False,SKIP,-28.900000000000006,42.099999999999994
"Sun, Nov 9, 2025",Indiana Pacers,Golden State Warriors,228.3,213.3,76.0,LEAN_NO,225.8,197.0,False,False,SKIP,28.80000000000001,-16.30000000000001
"Sun, Nov 9, 2025",Indiana Pacers,Golden State Warriors,228.3,213.3,75.7,LEAN_NO,226.5,197.0,False,False,SKIP,29.5,-16.30000000000001
"Sun, Nov 9, 2025",Boston Celtics,Orlando Magic,234.9,219.9,65.1,NO,227.4,218.0,False,False,SKIP,9.400000000000006,-1.9000000000000057
"Sun, Nov 9, 2025",Brooklyn Nets,New York Knicks,231.5,216.5,65.4,NO,222.6,232.0,True,False,SKIP,-9.400000000000006,15.5
"Sun, Nov 9, 2025",Houston Rockets,Milwaukee Bucks,240.8,225.8,63.1,NO,231.6,237.0,True,False,SKIP,-5.400000000000006,11.199999999999989
"Sun, Nov 9, 2025",Oklahoma City Thunder,Memphis Grizzlies,236.9,221.9,66.6,NO,230.0,214.0,False,False,SKIP,16.0,-7.900000000000006
"Sun, Nov 9, 2025",Houston Rockets,Milwaukee Bucks,240.8,225.8,60.7,NO,231.1,237.0,True,False,SKIP,-5.900000000000006,11.199999999999989
"Sun, Nov 9, 2025",Minnesota Timberwolves,Sacramento Kings,233.9,218.9,81.0,MAYBE,232.5,261.0,True,False,SKIP,-28.5,42.099999999999994
"Sun, Nov 9, 2025",Oklahoma City Thunder,Memphis Grizzlies,236.9,221.9,69.1,NO,230.4,214.0,False,False,SKIP,16.400000000000006,-7.900000000000006
"Sun, Oct 26, 2025",Boston Celtics,Detroit Pistons,236.2,221.2,65.0,NO,227.9,232.0,True,False,SKIP,-4.099999999999994,10.800000000000011
"Sun, Oct 26, 2025",Portland Trail Blazers,Los Angeles Clippers,233.1,218.1,63.9,NO,224.6,221.0,True,False,SKIP,3.5999999999999943,2.9000000000000057
"Sun, Oct 26, 2025",Indiana Pacers,Minnesota Timberwolves,232.1,217.1,79.9,MAYBE,230.0,224.0,True,False,SKIP,6.0,6.900000000000006
"Sun, Oct 26, 2025",Milwaukee Bucks,Cleveland Cavaliers,237.3,222.3,75.6,LEAN_NO,235.6,231.0,True,False,SKIP,4.599999999999994,8.699999999999989
"Sun, Oct 26, 2025",New York Knicks,Miami Heat,246.2,231.2,74.2,LEAN_NO,243.8,222.0,False,False,SKIP,21.80000000000001,-9.199999999999989
"Sun, Oct 26, 2025",Charlotte Hornets,Washington Wizards,231.1,216.1,79.3,MAYBE,230.5,252.0,True,False,SKIP,-21.5,35.900000000000006
"Sun, Oct 26, 2025",Boston Celtics,Detroit Pistons,236.2,221.2,61.0,NO,226.2,232.0,True,False,SKIP,-5.800000000000011,10.800000000000011
"Sun, Oct 26, 2025",Brooklyn Nets,San Antonio Spurs,229.5,214.5,68.0,NO,221.1,225.0,True,False,SKIP,-3.9000000000000057,10.5
"Sun, Oct 26, 2025",Los Angeles Lakers,Sacramento Kings,231.6,216.6,80.4,MAYBE,230.6,247.0,True,False,SKIP,-16.400000000000006,30.400000000000006
"Sun, Oct 26, 2025",Charlotte Hornets,Washington Wizards,231.1,216.1,80.2,MAYBE,230.6,252.0,True,False,SKIP,-21.400000000000006,35.900000000000006
"Sun, Oct 26, 2025",Brooklyn Nets,San Antonio Spurs,229.5,214.5,68.3,NO,220.7,225.0,True,False,SKIP,-4.300000000000011,10.5
"Sun, Oct 26, 2025",New York Knicks,Miami Heat,246.2,231.2,73.9,LEAN_NO,243.8,222.0,False,False,SKIP,21.80000000000001,-9.199999999999989
"Sun, Oct 26, 2025",Milwaukee Bucks,Cleveland Cavaliers,237.3,222.3,74.9,LEAN_NO,235.7,231.0,True,False,SKIP,4.699999999999989,8.699999999999989
"Sun, Oct 26, 2025",Toronto Raptors,Dallas Mavericks,231.9,216.9,76.4,LEAN_NO,230.2,268.0,True,False,SKIP,-37.80000000000001,51.099999999999994
"Sun, Oct 26, 2025",Toronto Raptors,Dallas Mavericks,231.9,216.9,77.2,LEAN_NO,230.5,268.0,True,False,SKIP,-37.5,51.099999999999994
"Sun, Oct 26, 2025",Indiana Pacers,Minnesota Timberwolves,232.1,217.1,79.6,MAYBE,230.7,224.0,True,False,SKIP,6.699999999999989,6.900000000000006
"Sun, Oct 26, 2025",Portland Trail Blazers,Los Angeles Clippers,233.1,218.1,62.1,NO,224.1,221.0,True,False,SKIP,3.0999999999999943,2.9000000000000057
"Sun, Oct 26, 2025",Los Angeles Lakers,Sacramento Kings,231.6,216.6,78.6,MAYBE,230.6,247.0,True,False,SKIP,-16.400000000000006,30.400000000000006
"Thu, Nov 13, 2025",Toronto Raptors,Cleveland Cavaliers,241.2,226.2,78.9,MAYBE,239.9,239.0,True,False,SKIP,0.9000000000000057,12.800000000000011
"Thu, Nov 13, 2025",Indiana Pacers,Phoenix Suns,229.6,214.6,78.8,MAYBE,227.8,231.0,True,False,SKIP,-3.1999999999999886,16.400000000000006
"Thu, Nov 13, 2025",Atlanta Hawks,Utah Jazz,237.4,222.4,71.5,LEAN_NO,235.1,254.0,True,False,SKIP,-18.900000000000006,31.599999999999994
"Thu, Nov 13, 2025",Atlanta Hawks,Utah Jazz,237.4,222.4,71.1,LEAN_NO,234.1,254.0,True,False,SKIP,-19.900000000000006,31.599999999999994
"Thu, Nov 13, 2025",Indiana Pacers,Phoenix Suns,229.6,214.6,75.8,LEAN_NO,226.9,231.0,True,False,SKIP,-4.099999999999994,16.400000000000006
"Thu, Nov 13, 2025",Toronto Raptors,Cleveland Cavaliers,241.2,226.2,77.0,LEAN_NO,238.8,239.0,True,False,SKIP,-0.19999999999998863,12.800000000000011
"Thu, Nov 20, 2025",Sacramento Kings,Memphis Grizzlies,226.6,211.6,77.8,LEAN_NO,223.9,233.0,True,False,SKIP,-9.099999999999994,21.400000000000006
"Thu, Nov 20, 2025",Philadelphia 76ers,Milwaukee Bucks,236.8,221.8,75.4,LEAN_NO,234.4,237.0,True,False,SKIP,-2.5999999999999943,15.199999999999989
"Thu, Nov 20, 2025",Atlanta Hawks,San Antonio Spurs,237.6,222.6,80.0,MAYBE,235.3,261.0,True,False,SKIP,-25.69999999999999,38.400000000000006
"Thu, Nov 20, 2025",Atlanta Hawks,San Antonio Spurs,237.6,222.6,82.7,MAYBE,236.2,261.0,True,False,SKIP,-24.80000000000001,38.400000000000006
"Thu, Nov 20, 2025",Los Angeles Clippers,Orlando Magic,232.1,217.1,64.5,NO,224.6,230.0,True,False,SKIP,-5.400000000000006,12.900000000000006
"Thu, Nov 20, 2025",Sacramento Kings,Memphis Grizzlies,226.6,211.6,79.1,MAYBE,224.9,233.0,True,False,SKIP,-8.099999999999994,21.400000000000006
"Thu, Nov 20, 2025",Philadelphia 76ers,Milwaukee Bucks,236.8,221.8,72.7,LEAN_NO,233.9,237.0,True,False,SKIP,-3.0999999999999943,15.199999999999989
"Thu, Nov 20, 2025",Los Angeles Clippers,Orlando Magic,232.1,217.1,67.5,NO,225.4,230.0,True,False,SKIP,-4.599999999999994,12.900000000000006
"Thu, Nov 6, 2025",Los Angeles Clippers,Phoenix Suns,230.9,215.9,63.2,NO,222.4,217.0,True,False,SKIP,5.400000000000006,1.0999999999999943
"Thu, Nov 6, 2025",Los Angeles Clippers,Phoenix Suns,230.9,215.9,60.4,NO,221.7,217.0,True,False,SKIP,4.699999999999989,1.0999999999999943
"Thu, Oct 23, 2025",Denver Nuggets,Golden State Warriors,241.6,226.6,80.1,MAYBE,239.1,268.0,True,False,SKIP,-28.900000000000006,41.400000000000006
"Thu, Oct 23, 2025",Oklahoma City Thunder,Indiana Pacers,235.1,220.1,67.7,NO,228.7,276.0,True,False,SKIP,-47.30000000000001,55.900000000000006
"Thu, Oct 23, 2025",Oklahoma City Thunder,Indiana Pacers,235.1,220.1,69.0,NO,228.9,276.0,True,False,SKIP,-47.099999999999994,55.900000000000006
"Thu, Oct 23, 2025",Denver Nuggets,Golden State Warriors,241.6,226.6,79.8,MAYBE,240.1,268.0,True,False,SKIP,-27.900000000000006,41.400000000000006
"Thu, Oct 30, 2025",Miami Heat,San Antonio Spurs,244.2,229.2,77.0,LEAN_NO,242.6,208.0,False,False,SKIP,34.599999999999994,-21.19999999999999
"Thu, Oct 30, 2025",Golden State Warriors,Milwaukee Bucks,234.3,219.3,74.1,LEAN_NO,231.8,230.0,True,False,SKIP,1.8000000000000114,10.699999999999989
"Thu, Oct 30, 2025",Washington Wizards,Oklahoma City Thunder,237.5,222.5,73.9,LEAN_NO,232.9,235.0,True,False,SKIP,-2.0999999999999943,12.5
"Thu, Oct 30, 2025",Orlando Magic,Charlotte Hornets,236.5,221.5,79.2,MAYBE,236.2,230.0,True,False,SKIP,6.199999999999989,8.5
"Thu, Oct 30, 2025",Miami Heat,San Antonio Spurs,244.2,229.2,76.0,LEAN_NO,242.3,208.0,False,False,SKIP,34.30000000000001,-21.19999999999999
"Thu, Oct 30, 2025",Washington Wizards,Oklahoma City Thunder,237.5,222.5,71.4,LEAN_NO,232.3,235.0,True,False,SKIP,-2.6999999999999886,12.5
"Thu, Oct 30, 2025",Orlando Magic,Charlotte Hornets,236.5,221.5,79.8,MAYBE,235.7,230.0,True,False,SKIP,5.699999999999989,8.5
"Thu, Oct 30, 2025",Golden State Warriors,Milwaukee Bucks,234.3,219.3,76.3,LEAN_NO,232.5,230.0,True,False,SKIP,2.5,10.699999999999989
"Tue, Nov 11, 2025",Memphis Grizzlies,New York Knicks,234.6,219.6,77.0,LEAN_NO,232.7,253.0,True,False,SKIP,-20.30000000000001,33.400000000000006
"Tue, Nov 11, 2025",Denver Nuggets,Sacramento Kings,238.1,223.1,83.8,MAYBE,237.1,230.0,True,False,SKIP,7.099999999999994,6.900000000000006
"Tue, Nov 11, 2025",Toronto Raptors,Brooklyn Nets,231.6,216.6,66.9,NO,222.8,228.0,True,False,SKIP,-5.199999999999989,11.400000000000006
"Tue, Nov 11, 2025",Boston Celtics,Philadelphia 76ers,234.9,219.9,61.8,NO,225.1,202.0,False,False,SKIP,23.099999999999994,-17.900000000000006
"Tue, Nov 11, 2025",Golden State Warriors,Oklahoma City Thunder,240.4,225.4,69.8,NO,234.5,228.0,True,False,SKIP,6.5,2.5999999999999943
"Tue, Nov 11, 2025",Memphis Grizzlies,New York Knicks,234.6,219.6,79.2,MAYBE,233.2,253.0,True,False,SKIP,-19.80000000000001,33.400000000000006
"Tue, Nov 11, 2025",Golden State Warriors,Oklahoma City Thunder,240.4,225.4,67.6,NO,234.0,228.0,True,False,SKIP,6.0,2.5999999999999943
"Tue, Nov 11, 2025",Boston Celtics,Philadelphia 76ers,234.9,219.9,58.4,NO,224.4,202.0,False,False,SKIP,22.400000000000006,-17.900000000000006
"Tue, Nov 11, 2025",Indiana Pacers,Utah Jazz,230.6,215.6,72.3,LEAN_NO,228.8,280.0,True,False,SKIP,-51.19999999999999,64.4
"Tue, Nov 11, 2025",Denver Nuggets,Sacramento Kings,238.1,223.1,80.4,MAYBE,235.8,230.0,True,False,SKIP,5.800000000000011,6.900000000000006
"Tue, Nov 11, 2025",Indiana Pacers,Utah Jazz,230.6,215.6,70.8,LEAN_NO,228.4,280.0,True,False,SKIP,-51.599999999999994,64.4
"Tue, Nov 11, 2025",Toronto Raptors,Brooklyn Nets,231.6,216.6,65.4,NO,222.3,228.0,True,False,SKIP,-5.699999999999989,11.400000000000006
"Tue, Nov 18, 2025",Boston Celtics,Brooklyn Nets,225.8,210.8,49.5,NO,211.2,212.0,True,False,SKIP,-0.8000000000000114,1.1999999999999886
"Tue, Nov 18, 2025",Utah Jazz,Los Angeles Lakers,237.4,222.4,74.6,LEAN_NO,237.2,266.0,True,False,SKIP,-28.80000000000001,43.599999999999994
"Tue, Nov 18, 2025",Memphis Grizzlies,San Antonio Spurs,232.6,217.6,80.9,MAYBE,231.0,212.0,False,False,SKIP,19.0,-5.599999999999994
"Tue, Nov 18, 2025",Detroit Pistons,Atlanta Hawks,238.9,223.9,80.6,MAYBE,237.3,232.0,True,False,SKIP,5.300000000000011,8.099999999999994
"Tue, Nov 18, 2025",Golden State Warriors,Orlando Magic,236.1,221.1,79.9,MAYBE,235.9,234.0,True,False,SKIP,1.9000000000000057,12.900000000000006
"Tue, Nov 18, 2025",Phoenix Suns,Portland Trail Blazers,238.4,223.4,78.1,MAYBE,237.0,237.0,True,False,SKIP,0.0,13.599999999999994
"Tue, Nov 18, 2025",Utah Jazz,Los Angeles Lakers,237.4,222.4,71.7,LEAN_NO,235.3,266.0,True,False,SKIP,-30.69999999999999,43.599999999999994
"Tue, Nov 18, 2025",Memphis Grizzlies,San Antonio Spurs,232.6,217.6,79.7,MAYBE,230.5,212.0,False,False,SKIP,18.5,-5.599999999999994
"Tue, Nov 18, 2025",Boston Celtics,Brooklyn Nets,225.8,210.8,48.2,NO,210.4,212.0,True,False,SKIP,-1.5999999999999943,1.1999999999999886
"Tue, Nov 18, 2025",Detroit Pistons,Atlanta Hawks,238.9,223.9,79.8,MAYBE,237.6,232.0,True,False,SKIP,5.599999999999994,8.099999999999994
"Tue, Nov 18, 2025",Golden State Warriors,Orlando Magic,236.1,221.1,78.7,MAYBE,234.2,234.0,True,False,SKIP,0.19999999999998863,12.900000000000006
"Tue, Nov 18, 2025",Phoenix Suns,Portland Trail Blazers,238.4,223.4,75.8,LEAN_NO,235.8,237.0,True,False,SKIP,-1.1999999999999886,13.599999999999994
"Tue, Nov 25, 2025",Atlanta Hawks,Washington Wizards,232.2,217.2,79.9,MAYBE,231.3,245.0,True,False,SKIP,-13.699999999999989,27.80000000000001
"Tue, Nov 25, 2025",Los Angeles Clippers,Los Angeles Lakers,231.1,216.1,66.1,NO,223.9,253.0,True,False,SKIP,-29.099999999999994,36.900000000000006
"Tue, Nov 25, 2025",Los Angeles Clippers,Los Angeles Lakers,231.1,216.1,66.4,NO,223.9,253.0,True,False,SKIP,-29.099999999999994,36.900000000000006
"Tue, Nov 25, 2025",Atlanta Hawks,Washington Wizards,232.2,217.2,82.1,MAYBE,231.8,245.0,True,False,SKIP,-13.199999999999989,27.80000000000001
"Tue, Nov 25, 2025",Orlando Magic,Philadelphia 76ers,238.6,223.6,78.0,MAYBE,236.8,247.0,True,False,SKIP,-10.199999999999989,23.400000000000006
"Tue, Nov 25, 2025",Orlando Magic,Philadelphia 76ers,238.6,223.6,79.4,MAYBE,238.0,247.0,True,False,SKIP,-9.0,23.400000000000006
"Tue, Nov 4, 2025",Oklahoma City Thunder,Los Angeles Clippers,236.4,221.4,57.1,NO,224.6,233.0,True,False,SKIP,-8.400000000000006,11.599999999999994
"Tue, Nov 4, 2025",Phoenix Suns,Golden State Warriors,234.9,219.9,76.7,LEAN_NO,232.7,225.0,True,False,SKIP,7.699999999999989,5.099999999999994
"Tue, Nov 4, 2025",Charlotte Hornets,New Orleans Pelicans,228.8,213.8,74.9,LEAN_NO,226.4,228.0,True,False,SKIP,-1.5999999999999943,14.199999999999989
"Tue, Nov 4, 2025",Milwaukee Bucks,Toronto Raptors,238.9,223.9,76.6,LEAN_NO,236.8,228.0,True,False,SKIP,8.800000000000011,4.099999999999994
"Tue, Nov 4, 2025",Orlando Magic,Atlanta Hawks,237.6,222.6,81.0,MAYBE,236.7,239.0,True,False,SKIP,-2.3000000000000114,16.400000000000006
"Tue, Nov 4, 2025",Philadelphia 76ers,Chicago Bulls,241.6,226.6,76.6,LEAN_NO,239.6,224.0,False,False,SKIP,15.599999999999994,-2.5999999999999943
"Tue, Nov 4, 2025",Charlotte Hornets,New Orleans Pelicans,228.8,213.8,75.9,LEAN_NO,226.4,228.0,True,False,SKIP,-1.5999999999999943,14.199999999999989
"Tue, Nov 4, 2025",Phoenix Suns,Golden State Warriors,234.9,219.9,80.8,MAYBE,234.4,225.0,True,False,SKIP,9.400000000000006,5.099999999999994
"Tue, Nov 4, 2025",Philadelphia 76ers,Chicago Bulls,241.6,226.6,73.8,LEAN_NO,237.5,224.0,False,False,SKIP,13.5,-2.5999999999999943
"Tue, Nov 4, 2025",Orlando Magic,Atlanta Hawks,237.6,222.6,79.4,MAYBE,236.1,239.0,True,False,SKIP,-2.9000000000000057,16.400000000000006
"Tue, Nov 4, 2025",Milwaukee Bucks,Toronto Raptors,238.9,223.9,77.1,LEAN_NO,236.5,228.0,True,False,SKIP,8.5,4.099999999999994
"Tue, Nov 4, 2025",Oklahoma City Thunder,Los Angeles Clippers,236.4,221.4,52.8,NO,223.6,233.0,True,False,SKIP,-9.400000000000006,11.599999999999994
"Tue, Oct 21, 2025",Golden State Warriors,Los Angeles Lakers,235.1,220.1,77.0,LEAN_NO,232.7,228.0,True,False,SKIP,4.699999999999989,7.900000000000006
"Tue, Oct 21, 2025",Houston Rockets,Oklahoma City Thunder,246.9,231.9,51.7,NO,233.4,249.0,True,False,SKIP,-15.599999999999994,17.099999999999994
"Tue, Oct 21, 2025",Golden State Warriors,Los Angeles Lakers,235.1,220.1,78.5,MAYBE,233.7,228.0,True,False,SKIP,5.699999999999989,7.900000000000006
"Tue, Oct 21, 2025",Houston Rockets,Oklahoma City Thunder,246.9,231.9,49.2,NO,231.7,249.0,True,False,SKIP,-17.30000000000001,17.099999999999994
"Tue, Oct 28, 2025",Sacramento Kings,Oklahoma City Thunder,236.9,221.9,69.7,NO,230.1,208.0,False,False,SKIP,22.099999999999994,-13.900000000000006
"Tue, Oct 28, 2025",New York Knicks,Milwaukee Bucks,238.8,223.8,75.0,LEAN_NO,236.3,232.0,True,False,SKIP,4.300000000000011,8.199999999999989
"Tue, Oct 28, 2025",Charlotte Hornets,Miami Heat,242.1,227.1,74.9,LEAN_NO,240.3,261.0,True,False,SKIP,-20.69999999999999,33.900000000000006
"Tue, Oct 28, 2025",Philadelphia 76ers,Washington Wizards,233.2,218.2,80.5,MAYBE,231.8,273.0,True,False,SKIP,-41.19999999999999,54.80000000000001
"Tue, Oct 28, 2025",Los Angeles Clippers,Golden State Warriors,229.6,214.6,61.3,NO,221.0,177.0,False,False,SKIP,44.0,-37.599999999999994
"Tue, Oct 28, 2025",Los Angeles Clippers,Golden State Warriors,229.6,214.6,62.6,NO,220.7,177.0,False,False,SKIP,43.69999999999999,-37.599999999999994
"Tue, Oct 28, 2025",Sacramento Kings,Oklahoma City Thunder,236.9,221.9,70.6,LEAN_NO,231.0,208.0,False,False,SKIP,23.0,-13.900000000000006
"Tue, Oct 28, 2025",New York Knicks,Milwaukee Bucks,238.8,223.8,75.9,LEAN_NO,236.8,232.0,True,False,SKIP,4.800000000000011,8.199999999999989
"Tue, Oct 28, 2025",Charlotte Hornets,Miami Heat,242.1,227.1,75.4,LEAN_NO,240.9,261.0,True,False,SKIP,-20.099999999999994,33.900000000000006
"Tue, Oct 28, 2025",Philadelphia 76ers,Washington Wizards,233.2,218.2,79.2,MAYBE,231.2,273.0,True,False,SKIP,-41.80000000000001,54.80000000000001
"Wed, Nov 12, 2025",Denver Nuggets,Los Angeles Clippers,237.6,222.6,67.4,NO,229.7,246.0,True,False,SKIP,-16.30000000000001,23.400000000000006
"Wed, Nov 12, 2025",Golden State Warriors,San Antonio Spurs,236.1,221.1,80.4,MAYBE,233.7,245.0,True,False,SKIP,-11.300000000000011,23.900000000000006
"Wed, Nov 12, 2025",Phoenix Suns,Dallas Mavericks,228.6,213.6,74.5,LEAN_NO,225.8,237.0,True,False,SKIP,-11.199999999999989,23.400000000000006
"Wed, Nov 12, 2025",Los Angeles Lakers,Oklahoma City Thunder,241.9,226.9,68.9,NO,236.3,213.0,False,False,SKIP,23.30000000000001,-13.900000000000006
"Wed, Nov 12, 2025",Atlanta Hawks,Sacramento Kings,231.6,216.6,80.0,MAYBE,229.8,233.0,True,False,SKIP,-3.1999999999999886,16.400000000000006
"Wed, Nov 12, 2025",Cleveland Cavaliers,Miami Heat,244.7,229.7,73.8,LEAN_NO,242.3,246.0,True,False,SKIP,-3.6999999999999886,16.30000000000001
"Wed, Nov 12, 2025",Memphis Grizzlies,Boston Celtics,228.9,213.9,63.7,NO,220.5,226.0,True,False,SKIP,-5.5,12.099999999999994
"Wed, Nov 12, 2025",Portland Trail Blazers,New Orleans Pelicans,231.9,216.9,77.9,LEAN_NO,230.4,242.0,True,False,SKIP,-11.599999999999994,25.099999999999994
"Wed, Nov 12, 2025",Washington Wizards,Houston Rockets,237.2,222.2,66.3,NO,229.2,247.0,True,False,SKIP,-17.80000000000001,24.80000000000001
"Wed, Nov 12, 2025",Portland Trail Blazers,New Orleans Pelicans,231.9,216.9,77.0,LEAN_NO,230.0,242.0,True,False,SKIP,-12.0,25.099999999999994
"Wed, Nov 12, 2025",Denver Nuggets,Los Angeles Clippers,237.6,222.6,65.6,NO,229.5,246.0,True,False,SKIP,-16.5,23.400000000000006
"Wed, Nov 12, 2025",Washington Wizards,Houston Rockets,237.2,222.2,67.3,NO,229.8,247.0,True,False,SKIP,-17.19999999999999,24.80000000000001
"Wed, Nov 12, 2025",Orlando Magic,New York Knicks,240.6,225.6,79.5,MAYBE,239.7,231.0,True,False,SKIP,8.699999999999989,5.400000000000006
"Wed, Nov 12, 2025",Memphis Grizzlies,Boston Celtics,228.9,213.9,63.4,NO,220.7,226.0,True,False,SKIP,-5.300000000000011,12.099999999999994
"Wed, Nov 12, 2025",Atlanta Hawks,Sacramento Kings,231.6,216.6,77.4,LEAN_NO,228.7,233.0,True,False,SKIP,-4.300000000000011,16.400000000000006
"Wed, Nov 12, 2025",Chicago Bulls,Detroit Pistons,242.9,227.9,78.5,MAYBE,240.4,237.0,True,False,SKIP,3.4000000000000057,9.099999999999994
"Wed, Nov 12, 2025",Milwaukee Bucks,Charlotte Hornets,234.7,219.7,75.4,LEAN_NO,232.8,211.0,False,False,SKIP,21.80000000000001,-8.699999999999989
"Wed, Nov 12, 2025",Orlando Magic,New York Knicks,240.6,225.6,79.1,MAYBE,239.4,231.0,True,False,SKIP,8.400000000000006,5.400000000000006
"Wed, Nov 12, 2025",Chicago Bulls,Detroit Pistons,242.9,227.9,78.2,MAYBE,241.2,237.0,True,False,SKIP,4.199999999999989,9.099999999999994
"Wed, Nov 12, 2025",Milwaukee Bucks,Charlotte Hornets,234.7,219.7,73.3,LEAN_NO,231.6,211.0,False,False,SKIP,20.599999999999994,-8.699999999999989
"Wed, Nov 12, 2025",Los Angeles Lakers,Oklahoma City Thunder,241.9,226.9,69.9,NO,236.0,213.0,False,False,SKIP,23.0,-13.900000000000006
"Wed, Nov 12, 2025",Golden State Warriors,San Antonio Spurs,236.1,221.1,80.4,MAYBE,234.1,245.0,True,False,SKIP,-10.900000000000006,23.900000000000006
"Wed, Nov 12, 2025",Cleveland Cavaliers,Miami Heat,244.7,229.7,73.1,LEAN_NO,242.2,246.0,True,False,SKIP,-3.8000000000000114,16.30000000000001
"Wed, Nov 12, 2025",Phoenix Suns,Dallas Mavericks,228.6,213.6,76.4,LEAN_NO,226.8,237.0,True,False,SKIP,-10.199999999999989,23.400000000000006
"Wed, Nov 19, 2025",Charlotte Hornets,Indiana Pacers,228.7,213.7,77.1,LEAN_NO,226.7,245.0,True,False,SKIP,-18.30000000000001,31.30000000000001
"Wed, Nov 19, 2025",Houston Rockets,Cleveland Cavaliers,243.1,228.1,61.7,NO,234.3,218.0,False,False,SKIP,16.30000000000001,-10.099999999999994
"Wed, Nov 19, 2025",Charlotte Hornets,Indiana Pacers,228.7,213.7,76.4,LEAN_NO,225.7,245.0,True,False,SKIP,-19.30000000000001,31.30000000000001
"Wed, Nov 19, 2025",Toronto Raptors,Philadelphia 76ers,240.7,225.7,77.1,LEAN_NO,237.8,233.0,True,False,SKIP,4.800000000000011,7.300000000000011
"Wed, Nov 19, 2025",Golden State Warriors,Miami Heat,241.7,226.7,75.6,LEAN_NO,239.9,206.0,False,False,SKIP,33.900000000000006,-20.69999999999999
"Wed, Nov 19, 2025",Washington Wizards,Minnesota Timberwolves,234.5,219.5,82.1,MAYBE,233.3,229.0,True,False,SKIP,4.300000000000011,9.5
"Wed, Nov 19, 2025",Denver Nuggets,New Orleans Pelicans,236.4,221.4,78.6,MAYBE,234.7,243.0,True,False,SKIP,-8.300000000000011,21.599999999999994
"Wed, Nov 19, 2025",Sacramento Kings,Oklahoma City Thunder,236.9,221.9,70.9,LEAN_NO,230.7,212.0,False,False,SKIP,18.69999999999999,-9.900000000000006
"Wed, Nov 19, 2025",New York Knicks,Dallas Mavericks,231.8,216.8,77.3,LEAN_NO,230.1,224.0,True,False,SKIP,6.099999999999994,7.199999999999989
"Wed, Nov 19, 2025",Chicago Bulls,Portland Trail Blazers,242.6,227.6,78.4,MAYBE,240.2,243.0,True,False,SKIP,-2.8000000000000114,15.400000000000006
"Wed, Nov 19, 2025",Toronto Raptors,Philadelphia 76ers,240.7,225.7,76.9,LEAN_NO,237.4,233.0,True,False,SKIP,4.400000000000006,7.300000000000011
"Wed, Nov 19, 2025",Golden State Warriors,Miami Heat,241.7,226.7,76.1,LEAN_NO,239.7,206.0,False,False,SKIP,33.69999999999999,-20.69999999999999
"Wed, Nov 19, 2025",Houston Rockets,Cleveland Cavaliers,243.1,228.1,62.1,NO,233.6,218.0,False,False,SKIP,15.599999999999994,-10.099999999999994
"Wed, Nov 19, 2025",Denver Nuggets,New Orleans Pelicans,236.4,221.4,80.7,MAYBE,235.1,243.0,True,False,SKIP,-7.900000000000006,21.599999999999994
"Wed, Nov 19, 2025",Sacramento Kings,Oklahoma City Thunder,236.9,221.9,71.1,LEAN_NO,231.6,212.0,False,False,SKIP,19.599999999999994,-9.900000000000006
"Wed, Nov 19, 2025",New York Knicks,Dallas Mavericks,231.8,216.8,75.5,LEAN_NO,230.0,224.0,True,False,SKIP,6.0,7.199999999999989
"Wed, Nov 19, 2025",Chicago Bulls,Portland Trail Blazers,242.6,227.6,77.0,LEAN_NO,240.8,243.0,True,False,SKIP,-2.1999999999999886,15.400000000000006
"Wed, Nov 19, 2025",Washington Wizards,Minnesota Timberwolves,234.5,219.5,81.3,MAYBE,233.3,229.0,True,False,SKIP,4.300000000000011,9.5
"Wed, Nov 5, 2025",Washington Wizards,Boston Celtics,229.5,214.5,65.2,NO,221.2,243.0,True,False,SKIP,-21.80000000000001,28.5
"Wed, Nov 5, 2025",Brooklyn Nets,Indiana Pacers,221.7,206.7,66.3,NO,213.5,215.0,True,False,SKIP,-1.5,8.300000000000011
"Wed, Nov 5, 2025",Utah Jazz,Detroit Pistons,239.7,224.7,69.4,NO,236.2,217.0,False,False,SKIP,19.19999999999999,-7.699999999999989
"Wed, Nov 5, 2025",Philadelphia 76ers,Cleveland Cavaliers,239.1,224.1,73.7,LEAN_NO,236.3,253.0,True,False,SKIP,-16.69999999999999,28.900000000000006
"Wed, Nov 5, 2025",Philadelphia 76ers,Cleveland Cavaliers,239.1,224.1,75.1,LEAN_NO,236.6,253.0,True,False,SKIP,-16.400000000000006,28.900000000000006
"Wed, Nov 5, 2025",Utah Jazz,Detroit Pistons,239.7,224.7,72.1,LEAN_NO,237.4,217.0,False,False,SKIP,20.400000000000006,-7.699999999999989
"Wed, Nov 5, 2025",Washington Wizards,Boston Celtics,229.5,214.5,65.7,NO,222.3,243.0,True,False,SKIP,-20.69999999999999,28.5
"Wed, Nov 5, 2025",Minnesota Timberwolves,New York Knicks,241.9,226.9,80.6,MAYBE,240.4,251.0,True,False,SKIP,-10.599999999999994,24.099999999999994
"Wed, Nov 5, 2025",Minnesota Timberwolves,New York Knicks,241.9,226.9,78.7,MAYBE,239.9,251.0,True,False,SKIP,-11.099999999999994,24.099999999999994
"Wed, Nov 5, 2025",Houston Rockets,Memphis Grizzlies,236.6,221.6,62.6,NO,227.1,233.0,True,False,SKIP,-5.900000000000006,11.400000000000006
"Wed, Nov 5, 2025",New Orleans Pelicans,Dallas Mavericks,222.1,207.1,73.9,LEAN_NO,220.0,200.0,False,False,SKIP,20.0,-7.099999999999994
"Wed, Nov 5, 2025",Miami Heat,Denver Nuggets,249.7,234.7,78.6,MAYBE,247.8,234.0,False,False,SKIP,13.800000000000011,-0.6999999999999886
"Wed, Nov 5, 2025",San Antonio Spurs,Los Angeles Lakers,237.6,222.6,81.1,MAYBE,236.4,234.0,True,False,SKIP,2.4000000000000057,11.400000000000006
"Wed, Nov 5, 2025",Brooklyn Nets,Indiana Pacers,221.7,206.7,64.4,NO,212.7,215.0,True,False,SKIP,-2.3000000000000114,8.300000000000011
"Wed, Nov 5, 2025",Houston Rockets,Memphis Grizzlies,236.6,221.6,65.9,NO,227.7,233.0,True,False,SKIP,-5.300000000000011,11.400000000000006
"Wed, Nov 5, 2025",Oklahoma City Thunder,Portland Trail Blazers,243.9,228.9,68.8,NO,237.7,240.0,True,False,SKIP,-2.3000000000000114,11.099999999999994
"Wed, Nov 5, 2025",Golden State Warriors,Sacramento Kings,230.1,215.1,77.0,LEAN_NO,227.1,237.0,True,False,SKIP,-9.900000000000006,21.900000000000006
"Wed, Nov 5, 2025",Golden State Warriors,Sacramento Kings,230.1,215.1,75.5,LEAN_NO,227.9,237.0,True,False,SKIP,-9.099999999999994,21.900000000000006
"Wed, Nov 5, 2025",New Orleans Pelicans,Dallas Mavericks,222.1,207.1,75.1,LEAN_NO,220.4,200.0,False,False,SKIP,20.400000000000006,-7.099999999999994
"Wed, Nov 5, 2025",Oklahoma City Thunder,Portland Trail Blazers,243.9,228.9,66.5,NO,236.7,240.0,True,False,SKIP,-3.3000000000000114,11.099999999999994
"Wed, Nov 5, 2025",San Antonio Spurs,Los Angeles Lakers,237.6,222.6,79.8,MAYBE,236.6,234.0,True,False,SKIP,2.5999999999999943,11.400000000000006
"Wed, Nov 5, 2025",Miami Heat,Denver Nuggets,249.7,234.7,79.3,MAYBE,248.1,234.0,False,False,SKIP,14.099999999999994,-0.6999999999999886
"Wed, Oct 22, 2025",Minnesota Timberwolves,Portland Trail Blazers,240.9,225.9,80.2,MAYBE,238.4,232.0,True,False,SKIP,6.400000000000006,6.099999999999994
"Wed, Oct 22, 2025",Detroit Pistons,Chicago Bulls,242.9,227.9,78.8,MAYBE,240.7,226.0,False,False,SKIP,14.699999999999989,-1.9000000000000057
"Wed, Oct 22, 2025",Los Angeles Clippers,Utah Jazz,231.9,216.9,61.8,NO,223.8,237.0,True,False,SKIP,-13.199999999999989,20.099999999999994
"Wed, Oct 22, 2025",San Antonio Spurs,Dallas Mavericks,229.8,214.8,79.5,MAYBE,227.8,217.0,True,False,SKIP,10.800000000000011,2.1999999999999886
"Wed, Oct 22, 2025",Minnesota Timberwolves,Portland Trail Blazers,240.9,225.9,78.1,MAYBE,238.9,232.0,True,False,SKIP,6.900000000000006,6.099999999999994
"Wed, Oct 22, 2025",Sacramento Kings,Phoenix Suns,231.4,216.4,77.8,LEAN_NO,229.1,236.0,True,False,SKIP,-6.900000000000006,19.599999999999994
"Wed, Oct 22, 2025",Brooklyn Nets,Charlotte Hornets,227.4,212.4,66.8,NO,219.3,253.0,True,False,SKIP,-33.69999999999999,40.599999999999994
"Wed, Oct 22, 2025",Cleveland Cavaliers,New York Knicks,241.1,226.1,74.5,LEAN_NO,239.2,230.0,True,False,SKIP,9.199999999999989,3.9000000000000057
"Wed, Oct 22, 2025",Miami Heat,Orlando Magic,244.2,229.2,79.6,MAYBE,243.6,246.0,True,False,SKIP,-2.4000000000000057,16.80000000000001
"Wed, Oct 22, 2025",New Orleans Pelicans,Memphis Grizzlies,224.9,209.9,76.7,LEAN_NO,222.7,250.0,True,False,SKIP,-27.30000000000001,40.099999999999994
"Wed, Oct 22, 2025",Washington Wizards,Milwaukee Bucks,231.4,216.4,76.6,LEAN_NO,230.2,253.0,True,False,SKIP,-22.80000000000001,36.599999999999994
"Wed, Oct 22, 2025",Los Angeles Clippers,Utah Jazz,231.9,216.9,60.4,NO,223.6,237.0,True,False,SKIP,-13.400000000000006,20.099999999999994
"Wed, Oct 22, 2025",New Orleans Pelicans,Memphis Grizzlies,224.9,209.9,74.7,LEAN_NO,222.2,250.0,True,False,SKIP,-27.80000000000001,40.099999999999994
"Wed, Oct 22, 2025",Philadelphia 76ers,Boston Celtics,234.9,219.9,64.7,NO,225.9,233.0,True,False,SKIP,-7.099999999999994,13.099999999999994
"Wed, Oct 22, 2025",San Antonio Spurs,Dallas Mavericks,229.8,214.8,76.9,LEAN_NO,227.0,217.0,True,False,SKIP,10.0,2.1999999999999886
"Wed, Oct 22, 2025",Detroit Pistons,Chicago Bulls,242.9,227.9,78.2,MAYBE,240.5,226.0,False,False,SKIP,14.5,-1.9000000000000057
"Wed, Oct 22, 2025",Toronto Raptors,Atlanta Hawks,239.7,224.7,79.5,MAYBE,237.5,256.0,True,False,SKIP,-18.5,31.30000000000001
"Wed, Oct 22, 2025",Philadelphia 76ers,Boston Celtics,234.9,219.9,60.5,NO,224.9,233.0,True,False,SKIP,-8.099999999999994,13.099999999999994
"Wed, Oct 22, 2025",Miami Heat,Orlando Magic,244.2,229.2,78.2,MAYBE,244.1,246.0,True,False,SKIP,-1.9000000000000057,16.80000000000001
"Wed, Oct 22, 2025",Cleveland Cavaliers,New York Knicks,241.1,226.1,77.2,LEAN_NO,239.6,230.0,True,False,SKIP,9.599999999999994,3.9000000000000057
"Wed, Oct 22, 2025",Brooklyn Nets,Charlotte Hornets,227.4,212.4,66.2,NO,218.5,253.0,True,False,SKIP,-34.5,40.599999999999994
"Wed, Oct 22, 2025",Sacramento Kings,Phoenix Suns,231.4,216.4,77.3,LEAN_NO,228.8,236.0,True,False,SKIP,-7.199999999999989,19.599999999999994
"Wed, Oct 22, 2025",Washington Wizards,Milwaukee Bucks,231.4,216.4,76.3,LEAN_NO,230.2,253.0,True,False,SKIP,-22.80000000000001,36.599999999999994
"Wed, Oct 22, 2025",Toronto Raptors,Atlanta Hawks,239.7,224.7,80.0,MAYBE,237.7,256.0,True,False,SKIP,-18.30000000000001,31.30000000000001
"Wed, Oct 29, 2025",Indiana Pacers,Dallas Mavericks,222.0,207.0,77.1,LEAN_NO,220.8,212.0,True,False,SKIP,8.800000000000011,5.0
"Wed, Oct 29, 2025",Cleveland Cavaliers,Boston Celtics,235.4,220.4,64.5,NO,226.2,230.0,True,False,SKIP,-3.8000000000000114,9.599999999999994
"Wed, Oct 29, 2025",Houston Rockets,Toronto Raptors,244.7,229.7,61.3,NO,234.8,260.0,True,False,SKIP,-25.19999999999999,30.30000000000001
"Wed, Oct 29, 2025",Cleveland Cavaliers,Boston Celtics,235.4,220.4,64.7,NO,227.6,230.0,True,False,SKIP,-2.4000000000000057,9.599999999999994
"Wed, Oct 29, 2025",Orlando Magic,Detroit Pistons,239.9,224.9,77.8,LEAN_NO,239.2,251.0,True,False,SKIP,-11.800000000000011,26.099999999999994
"Wed, Oct 29, 2025",Atlanta Hawks,Brooklyn Nets,228.5,213.5,63.3,NO,219.1,229.0,True,False,SKIP,-9.900000000000006,15.5
"Wed, Oct 29, 2025",Sacramento Kings,Chicago Bulls,235.6,220.6,79.4,MAYBE,233.6,239.0,True,False,SKIP,-5.400000000000006,18.400000000000006
"Wed, Oct 29, 2025",Indiana Pacers,Dallas Mavericks,222.0,207.0,76.9,LEAN_NO,221.0,212.0,True,False,SKIP,9.0,5.0
"Wed, Oct 29, 2025",Portland Trail Blazers,Utah Jazz,239.4,224.4,72.1,LEAN_NO,237.7,270.0,True,False,SKIP,-32.30000000000001,45.599999999999994
"Wed, Oct 29, 2025",Houston Rockets,Toronto Raptors,244.7,229.7,61.5,NO,235.1,260.0,True,False,SKIP,-24.900000000000006,30.30000000000001
"Wed, Oct 29, 2025",Los Angeles Lakers,Minnesota Timberwolves,238.9,223.9,80.9,MAYBE,238.1,231.0,True,False,SKIP,7.099999999999994,7.099999999999994
"Wed, Oct 29, 2025",Memphis Grizzlies,Phoenix Suns,231.4,216.4,78.1,MAYBE,229.3,227.0,True,False,SKIP,2.3000000000000114,10.599999999999994
"Wed, Oct 29, 2025",Los Angeles Lakers,Minnesota Timberwolves,238.9,223.9,78.7,MAYBE,237.6,231.0,True,False,SKIP,6.599999999999994,7.099999999999994
"Wed, Oct 29, 2025",New Orleans Pelicans,Denver Nuggets,236.4,221.4,79.2,MAYBE,233.9,210.0,False,False,SKIP,23.900000000000006,-11.400000000000006
"Wed, Oct 29, 2025",Portland Trail Blazers,Utah Jazz,239.4,224.4,72.4,LEAN_NO,237.9,270.0,True,False,SKIP,-32.099999999999994,45.599999999999994
"Wed, Oct 29, 2025",Sacramento Kings,Chicago Bulls,235.6,220.6,77.8,LEAN_NO,233.1,239.0,True,False,SKIP,-5.900000000000006,18.400000000000006
"Wed, Oct 29, 2025",Atlanta Hawks,Brooklyn Nets,228.5,213.5,67.0,NO,220.2,229.0,True,False,SKIP,-8.800000000000011,15.5
"Wed, Oct 29, 2025",Orlando Magic,Detroit Pistons,239.9,224.9,78.4,MAYBE,238.3,251.0,True,False,SKIP,-12.699999999999989,26.099999999999994
"Wed, Oct 29, 2025",Memphis Grizzlies,Phoenix Suns,231.4,216.4,79.3,MAYBE,228.9,227.0,True,False,SKIP,1.9000000000000057,10.599999999999994
"Wed, Oct 29, 2025",New Orleans Pelicans,Denver Nuggets,236.4,221.4,80.1,MAYBE,235.0,210.0,False,False,SKIP,25.0,-11.400000000000006
