date,game,minimum,decision,confidence,actual_total,went_over,result,reasoning,month
2024-10-23,Chicago Bulls @ New Orleans Pelicans,212.5,NO,58,234,True,SKIPPED,Above-avg offense (112.2) | Fast pace (100.9) | Both teams neutral form | Moderate buffer (15.1) | Both teams rested (99+ days),2024-10
2024-10-23,Brooklyn Nets @ Atlanta Hawks,208.5,NO,33,236,True,SKIPPED,Weak offense (111.5) | Above average pace (99.5) | Both teams neutral form | Tight buffer (14.8) | Both teams rested (99+ days),2024-10
2024-10-24,San Antonio Spurs @ Dallas Mavericks,213.0,NO,58,229,True,SKIPPED,Strong offense (114.6) | Above average pace (99.2) | Both teams neutral form | Moderate buffer (15.1) | Both teams rested (99+ days),2024-10
2024-10-25,New Orleans Pelicans @ Portland Trail Blazers,205.5,NO,38,208,True,SKIPPED,Weak offense (111.1) | Above average pace (98.9) | Both teams neutral form | Moderate buffer (15.2) | Both teams rested (2+ days),2024-10
2024-10-25,Philadelphia 76ers @ Toronto Raptors,205.5,NO,38,222,True,SKIPPED,Weak offense (111.2) | Above average pace (98.6) | Both teams neutral form | Moderate buffer (15.0) | Both teams rested (2+ days),2024-10
2024-10-25,Charlotte Hornets @ Atlanta Hawks,208.5,NO,43,245,True,SKIPPED,Weak offense (110.9) | Fast pace (100.1) | Both teams neutral form | Tight buffer (14.8) | Both teams rested (2+ days),2024-10
2024-10-26,Dallas Mavericks @ Phoenix Suns,213.0,NO,48,216,True,SKIPPED,Strong offense (115.5) | Above average pace (98.2) | Both teams neutral form | Tight buffer (14.8) | Phoenix Suns on back-to-back,2024-10
2024-10-27,New Orleans Pelicans @ Portland Trail Blazers,205.5,NO,38,228,True,SKIPPED,Weak offense (111.1) | Above average pace (98.9) | Both teams neutral form | Moderate buffer (15.2) | Both teams rested (2+ days),2024-10
2024-10-28,Portland Trail Blazers @ Sacramento Kings,211.5,NO,53,209,False,SKIPPED,Strong offense (114.2) | Above average pace (98.5) | Both teams neutral form | Moderate buffer (15.1) | Portland Trail Blazers on back-to-back,2024-10
2024-10-28,Utah Jazz @ Dallas Mavericks,211.0,NO,48,212,True,SKIPPED,Above-avg offense (113.0) | Above average pace (99.6) | Both teams neutral form | Moderate buffer (15.1) | Both teams rested (3+ days),2024-10
2024-10-28,Washington Wizards @ Atlanta Hawks,211.0,NO,43,240,True,SKIPPED,Weak offense (110.7) | Fast pace (101.8) | Both teams neutral form | Moderate buffer (15.2) | Atlanta Hawks on back-to-back,2024-10
2024-10-29,Sacramento Kings @ Utah Jazz,212.5,NO,30,209,False,SKIPPED,Above-avg offense (114.0) | Above average pace (99.1) | Utah Jazz cold (scoring slump) | Moderate buffer (15.1) | Both teams on back-to-back (fatigued),2024-10
2024-10-30,Toronto Raptors @ Charlotte Hornets,201.0,NO,42,271,True,SKIPPED,Weak offense (108.9) | Above average pace (98.7) | Charlotte Hornets hot (HOT) | Moderate buffer (15.0) | Both teams rested (2+ days),2024-10
2024-10-30,Atlanta Hawks @ Washington Wizards,211.0,NO,52,253,True,SKIPPED,Weak offense (110.7) | Fast pace (101.8) | Washington Wizards hot (HOT) | Moderate buffer (15.2) | Both teams rested (2+ days),2024-10
2024-10-31,San Antonio Spurs @ Utah Jazz,211.0,NO,30,194,False,SKIPPED,Above-avg offense (112.8) | Above average pace (99.7) | San Antonio Spurs cold (scoring slump) | Tight buffer (14.8) | San Antonio Spurs on back-to-back,2024-10
2024-11-01,Sacramento Kings @ Atlanta Hawks,219.0,NO,63,238,True,SKIPPED,Strong offense (115.7) | Fast pace (100.4) | Both teams neutral form | Tight buffer (14.9) | Both teams rested (3+ days),2024-11
2024-11-01,Chicago Bulls @ Brooklyn Nets,208.0,NO,37,232,True,SKIPPED,Weak offense (111.3) | Above average pace (99.6) | Brooklyn Nets hot (HOT) | Tight buffer (14.9) | Both teams rested (2+ days),2024-11
2024-11-02,Portland Trail Blazers @ Phoenix Suns,209.5,NO,36,200,False,SKIPPED,Above-avg offense (114.0) | Average pace (97.9) | Both teams neutral form | Moderate buffer (15.0) | Portland Trail Blazers on back-to-back,2024-11
2024-11-02,Sacramento Kings @ Toronto Raptors,211.5,NO,42,259,True,SKIPPED,Above-avg offense (113.6) | Above average pace (99.0) | Toronto Raptors hot (HOT) | Moderate buffer (15.1) | Both teams on back-to-back (fatigued),2024-11
2024-11-03,Atlanta Hawks @ New Orleans Pelicans,213.0,NO,58,237,True,SKIPPED,Above-avg offense (112.5) | Fast pace (100.8) | Both teams neutral form | Moderate buffer (15.0) | Both teams rested (2+ days),2024-11
2024-11-04,Utah Jazz @ Chicago Bulls,214.5,NO,50,261,True,SKIPPED,Above-avg offense (112.7) | Fast pace (101.4) | Utah Jazz cold (scoring slump) | Moderate buffer (15.2) | Both teams rested (2+ days),2024-11
2024-11-04,Philadelphia 76ers @ Phoenix Suns,208.0,NO,51,234,True,SKIPPED,Strong offense (114.1) | Average pace (97.2) | Both teams neutral form | Moderate buffer (15.2) | Both teams rested (2+ days),2024-11
2024-11-04,Portland Trail Blazers @ New Orleans Pelicans,205.5,NO,25,218,True,SKIPPED,Weak offense (111.1) | Above average pace (98.9) | Portland Trail Blazers cold (scoring slump) | Moderate buffer (15.2) | New Orleans Pelicans on back-to-back,2024-11
2024-11-06,Toronto Raptors @ Sacramento Kings,211.5,NO,52,229,True,SKIPPED,Above-avg offense (113.6) | Above average pace (99.0) | Toronto Raptors hot (HOT) | Moderate buffer (15.1) | Both teams rested (2+ days),2024-11
2024-11-06,Chicago Bulls @ Dallas Mavericks,217.0,NO,68,218,True,SKIPPED,Strong offense (114.4) | Fast pace (101.0) | Both teams neutral form | Moderate buffer (15.0) | Both teams rested (2+ days),2024-11
2024-11-07,Portland Trail Blazers @ San Antonio Spurs,210.0,NO,30,223,True,SKIPPED,Above-avg offense (113.1) | Above average pace (99.0) | San Antonio Spurs cold (scoring slump) | Tight buffer (14.8) | San Antonio Spurs on back-to-back,2024-11
2024-11-08,Phoenix Suns @ Dallas Mavericks,213.0,NO,53,227,True,SKIPPED,Strong offense (115.5) | Above average pace (98.2) | Both teams neutral form | Tight buffer (14.8) | Both teams rested (2+ days),2024-11
2024-11-09,Utah Jazz @ San Antonio Spurs,211.0,NO,35,221,True,SKIPPED,Above-avg offense (112.8) | Above average pace (99.7) | Utah Jazz cold (scoring slump) | Tight buffer (14.8) | Both teams rested (2+ days),2024-11
2024-11-09,Chicago Bulls @ Atlanta Hawks,221.0,NO,55,238,True,SKIPPED,Strong offense (114.3) | Fast pace (102.7) | Chicago Bulls cold (scoring slump) | Moderate buffer (15.0) | Atlanta Hawks on back-to-back,2024-11
2024-11-10,Charlotte Hornets @ Philadelphia 76ers,199.5,NO,35,212,True,SKIPPED,Weak offense (109.6) | Average pace (97.5) | Charlotte Hornets hot (WARM) | Moderate buffer (15.2) | Both teams rested (2+ days),2024-11
2024-11-10,Sacramento Kings @ Phoenix Suns,214.5,NO,60,245,True,SKIPPED,Elite offense (116.5) | Average pace (97.7) | Sacramento Kings hot (WARM) | Tight buffer (14.8) | Both teams rested (2+ days),2024-11
2024-11-11,Sacramento Kings @ San Antonio Spurs,214.5,NO,57,212,False,SKIPPED,Strong offense (115.6) | Above average pace (98.8) | Sacramento Kings hot (HOT) | Moderate buffer (15.1) | Sacramento Kings on back-to-back,2024-11
2024-11-11,Brooklyn Nets @ New Orleans Pelicans,200.0,NO,30,212,True,SKIPPED,Weak offense (109.5) | Average pace (97.8) | Brooklyn Nets hot (HOT) | Tight buffer (14.9) | Both teams rested (2+ days),2024-11
2024-11-12,Phoenix Suns @ Utah Jazz,210.5,NO,40,232,True,SKIPPED,Above-avg offense (113.7) | Above average pace (98.5) | Utah Jazz cold (scoring slump) | Moderate buffer (15.0) | Both teams rested (2+ days),2024-11
2024-11-13,Washington Wizards @ San Antonio Spurs,207.0,NO,35,269,True,SKIPPED,Weak offense (110.6) | Fast pace (100.1) | San Antonio Spurs cold (scoring slump) | Tight buffer (14.9) | Both teams rested (2+ days),2024-11
2024-11-13,Phoenix Suns @ Sacramento Kings,214.5,NO,63,231,True,SKIPPED,Elite offense (116.5) | Average pace (97.7) | Both teams hot (WARM/HOT) | Tight buffer (14.8) | Phoenix Suns on back-to-back,2024-11
2024-11-14,Dallas Mavericks @ Utah Jazz,211.0,NO,40,228,True,SKIPPED,Above-avg offense (113.0) | Above average pace (99.6) | Utah Jazz cold (scoring slump) | Moderate buffer (15.1) | Both teams rested (2+ days),2024-11
2024-11-15,Washington Wizards @ Atlanta Hawks,211.0,NO,52,246,True,SKIPPED,Weak offense (110.7) | Fast pace (101.8) | Washington Wizards hot (WARM) | Moderate buffer (15.2) | Both teams rested (2+ days),2024-11
2024-11-16,San Antonio Spurs @ Dallas Mavericks,213.0,NO,53,203,False,SKIPPED,Strong offense (114.6) | Above average pace (99.2) | Both teams neutral form | Moderate buffer (15.1) | San Antonio Spurs on back-to-back,2024-11
2024-11-16,Utah Jazz @ Sacramento Kings,212.5,NO,47,238,True,SKIPPED,Above-avg offense (114.0) | Above average pace (99.1) | Sacramento Kings hot (HOT) | Moderate buffer (15.1) | Sacramento Kings on back-to-back,2024-11
2024-11-17,Atlanta Hawks @ Portland Trail Blazers,214.0,NO,58,224,True,SKIPPED,Above-avg offense (113.2) | Fast pace (100.7) | Both teams neutral form | Moderate buffer (15.1) | Both teams rested (2+ days),2024-11
2024-11-18,Atlanta Hawks @ Sacramento Kings,219.0,NO,62,217,False,SKIPPED,Strong offense (115.7) | Fast pace (100.4) | Sacramento Kings hot (HOT) | Tight buffer (14.9) | Atlanta Hawks on back-to-back,2024-11
2024-11-19,Charlotte Hornets @ Brooklyn Nets,195.0,NO,43,231,True,SKIPPED,Weak offense (107.9) | Average pace (97.0) | Both teams hot (HOT/HOT) | Moderate buffer (15.2) | Both teams rested (2+ days),2024-11
2024-11-19,New Orleans Pelicans @ Dallas Mavericks,209.0,NO,48,223,True,SKIPPED,Above-avg offense (112.6) | Above average pace (99.2) | Both teams neutral form | Moderate buffer (15.0) | Both teams rested (3+ days),2024-11
2024-11-21,Utah Jazz @ San Antonio Spurs,211.0,NO,35,244,True,SKIPPED,Above-avg offense (112.8) | Above average pace (99.7) | Utah Jazz cold (scoring slump) | Tight buffer (14.8) | Both teams rested (2+ days),2024-11
2024-11-22,Atlanta Hawks @ Chicago Bulls,221.0,NO,60,258,True,SKIPPED,Strong offense (114.3) | Fast pace (102.7) | Atlanta Hawks cold (scoring slump) | Moderate buffer (15.0) | Both teams rested (2+ days),2024-11
2024-11-22,Brooklyn Nets @ Philadelphia 76ers,199.5,NO,35,211,True,SKIPPED,Weak offense (110.2) | Average pace (96.9) | Brooklyn Nets hot (HOT) | Moderate buffer (15.2) | Both teams rested (3+ days),2024-11
2024-11-24,Brooklyn Nets @ Sacramento Kings,206.0,NO,48,211,True,SKIPPED,Above-avg offense (112.6) | Average pace (97.3) | Both teams hot (HOT/HOT) | Tight buffer (14.8) | Both teams rested (2+ days),2024-11
2024-11-25,Dallas Mavericks @ Atlanta Hawks,217.5,NO,62,248,True,SKIPPED,Strong offense (114.7) | Fast pace (100.9) | Dallas Mavericks hot (WARM) | Tight buffer (14.9) | Dallas Mavericks on back-to-back,2024-11
2024-11-26,Chicago Bulls @ Washington Wizards,211.0,NO,47,235,True,SKIPPED,Weak offense (110.4) | Fast pace (101.8) | Washington Wizards hot (WARM) | Tight buffer (14.8) | Both teams rested (3+ days),2024-11
2024-11-26,San Antonio Spurs @ Utah Jazz,211.0,NO,35,243,True,SKIPPED,Above-avg offense (112.8) | Above average pace (99.7) | Utah Jazz cold (scoring slump) | Tight buffer (14.8) | Both teams rested (3+ days),2024-11
2024-11-27,Toronto Raptors @ New Orleans Pelicans,205.5,NO,30,212,True,SKIPPED,Weak offense (110.5) | Above average pace (99.4) | New Orleans Pelicans cold (scoring slump) | Moderate buffer (15.2) | Both teams rested (2+ days),2024-11
2024-11-27,Brooklyn Nets @ Phoenix Suns,203.5,NO,48,244,True,SKIPPED,Above-avg offense (112.3) | Average pace (96.8) | Both teams hot (HOT/WARM) | Moderate buffer (15.2) | Phoenix Suns on back-to-back,2024-11
2024-11-29,Sacramento Kings @ Portland Trail Blazers,211.5,NO,58,221,True,SKIPPED,Strong offense (114.2) | Above average pace (98.5) | Both teams neutral form | Moderate buffer (15.1) | Both teams rested (2+ days),2024-11
2024-11-30,Dallas Mavericks @ Utah Jazz,211.0,NO,52,200,False,SKIPPED,Above-avg offense (113.0) | Above average pace (99.6) | Dallas Mavericks hot (HOT) | Moderate buffer (15.1) | Both teams rested (3+ days),2024-11
2024-11-30,Atlanta Hawks @ Charlotte Hornets,208.5,NO,37,211,True,SKIPPED,Weak offense (110.9) | Fast pace (100.1) | Charlotte Hornets hot (WARM) | Tight buffer (14.8) | Both teams on back-to-back (fatigued),2024-11
2024-12-01,Dallas Mavericks @ Portland Trail Blazers,210.0,NO,47,268,True,SKIPPED,Above-avg offense (113.2) | Above average pace (99.0) | Dallas Mavericks hot (HOT) | Moderate buffer (15.1) | Dallas Mavericks on back-to-back,2024-12
2024-12-01,San Antonio Spurs @ Sacramento Kings,214.5,NO,58,252,True,SKIPPED,Strong offense (115.6) | Above average pace (98.8) | Both teams neutral form | Moderate buffer (15.1) | Both teams rested (4+ days),2024-12
2024-12-02,New Orleans Pelicans @ Atlanta Hawks,213.0,NO,45,236,True,SKIPPED,Above-avg offense (112.5) | Fast pace (100.8) | New Orleans Pelicans cold (scoring slump) | Moderate buffer (15.0) | New Orleans Pelicans on back-to-back,2024-12
2024-12-02,Brooklyn Nets @ Chicago Bulls,208.0,NO,32,230,True,SKIPPED,Weak offense (111.3) | Above average pace (99.6) | Brooklyn Nets hot (HOT) | Tight buffer (14.9) | Brooklyn Nets on back-to-back,2024-12
2024-12-03,Philadelphia 76ers @ Charlotte Hornets,199.5,NO,35,214,True,SKIPPED,Weak offense (109.6) | Average pace (97.5) | Charlotte Hornets hot (WARM) | Moderate buffer (15.2) | Both teams rested (3+ days),2024-12
2024-12-03,San Antonio Spurs @ Phoenix Suns,212.5,NO,62,197,False,SKIPPED,Strong offense (115.3) | Above average pace (98.2) | Phoenix Suns hot (WARM) | Moderate buffer (15.0) | Both teams rested (2+ days),2024-12
2024-12-05,Phoenix Suns @ New Orleans Pelicans,208.5,NO,47,250,True,SKIPPED,Above-avg offense (113.3) | Above average pace (98.1) | Phoenix Suns hot (WARM) | Tight buffer (14.9) | Both teams rested (2+ days),2024-12
2024-12-05,Chicago Bulls @ San Antonio Spurs,216.5,NO,60,263,True,SKIPPED,Strong offense (114.2) | Fast pace (101.0) | Chicago Bulls cold (scoring slump) | Moderate buffer (15.2) | Both teams rested (3+ days),2024-12
2024-12-05,Dallas Mavericks @ Washington Wizards,207.0,NO,52,238,True,SKIPPED,Weak offense (110.8) | Fast pace (100.1) | Dallas Mavericks hot (HOT) | Moderate buffer (15.2) | Both teams rested (2+ days),2024-12
2024-12-06,Sacramento Kings @ San Antonio Spurs,214.5,NO,48,253,True,SKIPPED,Strong offense (115.6) | Above average pace (98.8) | Both teams neutral form | Moderate buffer (15.1) | Both teams on back-to-back (fatigued),2024-12
2024-12-06,Utah Jazz @ Portland Trail Blazers,208.0,NO,33,240,True,SKIPPED,Weak offense (111.5) | Above average pace (99.4) | Both teams neutral form | Tight buffer (14.8) | Both teams rested (3+ days),2024-12
2024-12-07,Dallas Mavericks @ Toronto Raptors,210.0,NO,52,243,True,SKIPPED,Above-avg offense (112.7) | Above average pace (99.5) | Dallas Mavericks hot (HOT) | Moderate buffer (15.1) | Both teams rested (2+ days),2024-12
2024-12-08,Utah Jazz @ Sacramento Kings,212.5,NO,48,238,True,SKIPPED,Above-avg offense (114.0) | Above average pace (99.1) | Both teams neutral form | Moderate buffer (15.1) | Both teams rested (2+ days),2024-12
2024-12-08,New Orleans Pelicans @ San Antonio Spurs,208.5,NO,35,237,True,SKIPPED,Above-avg offense (112.4) | Above average pace (99.2) | New Orleans Pelicans cold (scoring slump) | Moderate buffer (15.2) | New Orleans Pelicans on back-to-back,2024-12
2024-12-08,Philadelphia 76ers @ Chicago Bulls,212.5,NO,45,208,False,SKIPPED,Above-avg offense (113.0) | Fast pace (100.1) | Chicago Bulls cold (scoring slump) | Tight buffer (14.9) | Both teams rested (2+ days),2024-12
2024-12-12,Sacramento Kings @ New Orleans Pelicans,210.5,NO,40,220,True,SKIPPED,Above-avg offense (113.6) | Above average pace (98.7) | New Orleans Pelicans cold (scoring slump) | Moderate buffer (15.0) | Both teams rested (4+ days),2024-12
2024-12-13,Phoenix Suns @ Utah Jazz,210.5,NO,52,260,True,SKIPPED,Above-avg offense (113.7) | Above average pace (98.5) | Phoenix Suns hot (WARM) | Moderate buffer (15.0) | Both teams rested (5+ days),2024-12
2024-12-13,San Antonio Spurs @ Portland Trail Blazers,210.0,NO,43,234,True,SKIPPED,Above-avg offense (113.1) | Above average pace (99.0) | Both teams neutral form | Tight buffer (14.8) | Both teams rested (5+ days),2024-12
2024-12-13,Charlotte Hornets @ Chicago Bulls,208.0,NO,47,204,False,SKIPPED,Weak offense (110.7) | Fast pace (100.2) | Charlotte Hornets hot (WARM) | Tight buffer (14.9) | Both teams rested (5+ days),2024-12
2024-12-15,Portland Trail Blazers @ Phoenix Suns,209.5,NO,45,225,True,SKIPPED,Above-avg offense (114.0) | Average pace (97.9) | Phoenix Suns hot (WARM) | Moderate buffer (15.0) | Both teams rested (2+ days),2024-12
2024-12-16,Philadelphia 76ers @ Charlotte Hornets,199.5,NO,35,229,True,SKIPPED,Weak offense (109.6) | Average pace (97.5) | Charlotte Hornets hot (WARM) | Moderate buffer (15.2) | Both teams rested (3+ days),2024-12
2024-12-16,Chicago Bulls @ Toronto Raptors,213.5,NO,50,243,True,SKIPPED,Above-avg offense (112.3) | Fast pace (101.2) | Chicago Bulls cold (scoring slump) | Moderate buffer (15.2) | Both teams rested (3+ days),2024-12
2024-12-19,Brooklyn Nets @ Toronto Raptors,201.0,NO,42,195,False,SKIPPED,Weak offense (109.5) | Above average pace (98.1) | Brooklyn Nets hot (HOT) | Moderate buffer (15.0) | Both teams rested (3+ days),2024-12
2024-12-19,Atlanta Hawks @ San Antonio Spurs,217.0,NO,68,259,True,SKIPPED,Strong offense (114.5) | Fast pace (100.9) | Both teams neutral form | Moderate buffer (15.1) | Both teams rested (5+ days),2024-12
2024-12-19,Charlotte Hornets @ Washington Wizards,198.0,NO,42,237,True,SKIPPED,Weak offense (107.0) | Above average pace (99.2) | Charlotte Hornets hot (WARM) | Moderate buffer (15.1) | Both teams rested (3+ days),2024-12
2024-12-20,Charlotte Hornets @ Philadelphia 76ers,199.5,NO,30,206,True,SKIPPED,Weak offense (109.6) | Average pace (97.5) | Charlotte Hornets hot (WARM) | Moderate buffer (15.2) | Charlotte Hornets on back-to-back,2024-12
2024-12-21,Utah Jazz @ Brooklyn Nets,202.0,NO,42,199,False,SKIPPED,Weak offense (109.8) | Above average pace (98.2) | Brooklyn Nets hot (HOT) | Moderate buffer (15.0) | Both teams rested (2+ days),2024-12
2024-12-21,Portland Trail Blazers @ San Antonio Spurs,210.0,NO,43,208,False,SKIPPED,Above-avg offense (113.1) | Above average pace (99.0) | Both teams neutral form | Tight buffer (14.8) | Both teams rested (2+ days),2024-12
2024-12-23,San Antonio Spurs @ Philadelphia 76ers,208.5,NO,48,217,True,SKIPPED,Above-avg offense (113.2) | Above average pace (98.3) | Both teams neutral form | Moderate buffer (15.0) | Both teams rested (2+ days),2024-12
2024-12-23,Portland Trail Blazers @ Dallas Mavericks,210.0,NO,52,240,True,SKIPPED,Above-avg offense (113.2) | Above average pace (99.0) | Dallas Mavericks hot (HOT) | Moderate buffer (15.1) | Both teams rested (2+ days),2024-12
2024-12-26,Chicago Bulls @ Atlanta Hawks,221.0,NO,60,274,True,SKIPPED,Strong offense (114.3) | Fast pace (102.7) | Chicago Bulls cold (scoring slump) | Moderate buffer (15.0) | Both teams rested (3+ days),2024-12
2024-12-26,Utah Jazz @ Portland Trail Blazers,208.0,NO,33,242,True,SKIPPED,Weak offense (111.5) | Above average pace (99.4) | Both teams neutral form | Tight buffer (14.8) | Both teams rested (3+ days),2024-12
2024-12-26,Charlotte Hornets @ Washington Wizards,198.0,NO,42,223,True,SKIPPED,Weak offense (107.0) | Above average pace (99.2) | Charlotte Hornets hot (WARM) | Moderate buffer (15.1) | Both teams rested (3+ days),2024-12
2024-12-27,San Antonio Spurs @ Brooklyn Nets,204.0,NO,30,183,False,SKIPPED,Weak offense (111.5) | Average pace (97.8) | Brooklyn Nets hot (HOT) | Moderate buffer (15.0) | Brooklyn Nets on back-to-back,2024-12
2024-12-27,Dallas Mavericks @ Phoenix Suns,213.0,NO,57,187,False,SKIPPED,Strong offense (115.5) | Above average pace (98.2) | Dallas Mavericks hot (HOT) | Tight buffer (14.8) | Both teams rested (2+ days),2024-12
2024-12-28,Philadelphia 76ers @ Utah Jazz,206.5,NO,38,225,True,SKIPPED,Weak offense (111.6) | Above average pace (98.7) | Both teams neutral form | Moderate buffer (15.0) | Both teams rested (3+ days),2024-12
2024-12-28,Dallas Mavericks @ Portland Trail Blazers,210.0,NO,47,248,True,SKIPPED,Above-avg offense (113.2) | Above average pace (99.0) | Dallas Mavericks hot (HOT) | Moderate buffer (15.1) | Dallas Mavericks on back-to-back,2024-12
2024-12-29,Atlanta Hawks @ Toronto Raptors,214.0,NO,53,243,True,SKIPPED,Above-avg offense (112.5) | Fast pace (101.2) | Both teams neutral form | Moderate buffer (15.1) | Atlanta Hawks on back-to-back,2024-12
2024-12-30,Philadelphia 76ers @ Portland Trail Blazers,205.5,NO,38,228,True,SKIPPED,Weak offense (111.8) | Above average pace (98.1) | Both teams neutral form | Moderate buffer (15.0) | Both teams rested (2+ days),2024-12
2024-12-30,Dallas Mavericks @ Sacramento Kings,215.0,NO,57,210,False,SKIPPED,Strong offense (115.8) | Above average pace (98.7) | Dallas Mavericks hot (HOT) | Tight buffer (14.9) | Both teams rested (2+ days),2024-12
2024-12-30,Chicago Bulls @ Charlotte Hornets,208.0,NO,47,223,True,SKIPPED,Weak offense (110.7) | Fast pace (100.2) | Charlotte Hornets hot (WARM) | Tight buffer (14.9) | Both teams rested (2+ days),2024-12
2025-01-01,Philadelphia 76ers @ Sacramento Kings,210.5,NO,46,220,True,SKIPPED,Strong offense (114.3) | Average pace (97.8) | Both teams neutral form | Tight buffer (14.8) | Both teams rested (2+ days),2025-01
2025-01-01,Chicago Bulls @ Washington Wizards,211.0,NO,35,232,True,SKIPPED,Weak offense (110.4) | Fast pace (101.8) | Chicago Bulls cold (scoring slump) | Tight buffer (14.8) | Both teams rested (2+ days),2025-01
2025-01-01,Brooklyn Nets @ Toronto Raptors,201.0,NO,37,243,True,SKIPPED,Weak offense (109.5) | Above average pace (98.1) | Brooklyn Nets hot (HOT) | Moderate buffer (15.0) | Toronto Raptors on back-to-back,2025-01
2025-01-03,Washington Wizards @ New Orleans Pelicans,203.0,NO,47,252,True,SKIPPED,Weak offense (108.6) | Fast pace (100.0) | Washington Wizards hot (HOT) | Tight buffer (14.8) | Both teams rested (2+ days),2025-01
2025-01-04,Philadelphia 76ers @ Brooklyn Nets,199.5,NO,35,217,True,SKIPPED,Weak offense (110.2) | Average pace (96.9) | Brooklyn Nets hot (HOT) | Moderate buffer (15.2) | Both teams rested (2+ days),2025-01
2025-01-05,New Orleans Pelicans @ Washington Wizards,203.0,NO,47,208,True,SKIPPED,Weak offense (108.6) | Fast pace (100.0) | Washington Wizards hot (HOT) | Tight buffer (14.8) | Both teams rested (2+ days),2025-01
2025-01-06,San Antonio Spurs @ Chicago Bulls,216.5,NO,60,224,True,SKIPPED,Strong offense (114.2) | Fast pace (101.0) | Chicago Bulls cold (scoring slump) | Moderate buffer (15.2) | Both teams rested (2+ days),2025-01
2025-01-06,Phoenix Suns @ Philadelphia 76ers,208.0,NO,51,208,False,SKIPPED,Strong offense (114.1) | Average pace (97.2) | Both teams neutral form | Moderate buffer (15.2) | Both teams rested (2+ days),2025-01
2025-01-07,Phoenix Suns @ Charlotte Hornets,203.5,NO,30,219,True,SKIPPED,Weak offense (111.8) | Average pace (97.3) | Charlotte Hornets hot (WARM) | Moderate buffer (15.2) | Phoenix Suns on back-to-back,2025-01
2025-01-07,Atlanta Hawks @ Utah Jazz,215.0,NO,58,245,True,SKIPPED,Above-avg offense (112.9) | Fast pace (101.3) | Both teams neutral form | Moderate buffer (15.1) | Both teams rested (3+ days),2025-01
2025-01-08,Washington Wizards @ Philadelphia 76ers,202.5,NO,37,212,True,SKIPPED,Weak offense (109.3) | Above average pace (99.2) | Washington Wizards hot (HOT) | Moderate buffer (15.1) | Washington Wizards on back-to-back,2025-01
2025-01-08,Portland Trail Blazers @ New Orleans Pelicans,205.5,NO,25,219,True,SKIPPED,Weak offense (111.1) | Above average pace (98.9) | New Orleans Pelicans cold (scoring slump) | Moderate buffer (15.2) | New Orleans Pelicans on back-to-back,2025-01
2025-01-09,Atlanta Hawks @ Phoenix Suns,217.0,NO,53,238,True,SKIPPED,Strong offense (115.4) | Above average pace (99.8) | Both teams neutral form | Tight buffer (14.8) | Both teams rested (2+ days),2025-01
2025-01-09,Portland Trail Blazers @ Dallas Mavericks,210.0,NO,43,228,True,SKIPPED,Above-avg offense (113.2) | Above average pace (99.0) | Both teams neutral form | Moderate buffer (15.1) | Portland Trail Blazers on back-to-back,2025-01
2025-01-10,Washington Wizards @ Chicago Bulls,211.0,NO,47,243,True,SKIPPED,Weak offense (110.4) | Fast pace (101.8) | Washington Wizards hot (HOT) | Tight buffer (14.8) | Both teams rested (2+ days),2025-01
2025-01-10,New Orleans Pelicans @ Philadelphia 76ers,204.5,NO,25,238,True,SKIPPED,Weak offense (111.2) | Above average pace (98.2) | New Orleans Pelicans cold (scoring slump) | Tight buffer (14.9) | Both teams rested (2+ days),2025-01
2025-01-11,Utah Jazz @ Phoenix Suns,210.5,NO,48,220,True,SKIPPED,Above-avg offense (113.7) | Above average pace (98.5) | Both teams neutral form | Moderate buffer (15.0) | Both teams rested (2+ days),2025-01
2025-01-12,Sacramento Kings @ Chicago Bulls,218.5,NO,60,243,True,SKIPPED,Strong offense (115.4) | Fast pace (100.5) | Chicago Bulls cold (scoring slump) | Moderate buffer (15.0) | Both teams rested (2+ days),2025-01
2025-01-12,Charlotte Hornets @ Phoenix Suns,203.5,NO,30,233,True,SKIPPED,Weak offense (111.8) | Average pace (97.3) | Charlotte Hornets hot (WARM) | Moderate buffer (15.2) | Phoenix Suns on back-to-back,2025-01
2025-01-12,Brooklyn Nets @ Utah Jazz,202.0,NO,37,223,True,SKIPPED,Weak offense (109.8) | Above average pace (98.2) | Brooklyn Nets hot (HOT) | Moderate buffer (15.0) | Utah Jazz on back-to-back,2025-01
2025-01-14,Phoenix Suns @ Atlanta Hawks,217.0,NO,53,239,True,SKIPPED,Strong offense (115.4) | Above average pace (99.8) | Both teams neutral form | Tight buffer (14.8) | Both teams rested (2+ days),2025-01
2025-01-14,New Orleans Pelicans @ Chicago Bulls,212.5,NO,50,232,True,SKIPPED,Above-avg offense (112.2) | Fast pace (100.9) | New Orleans Pelicans cold (scoring slump) | Moderate buffer (15.1) | Both teams rested (2+ days),2025-01
2025-01-14,Brooklyn Nets @ Portland Trail Blazers,201.0,NO,35,246,True,SKIPPED,Weak offense (110.1) | Average pace (97.6) | Brooklyn Nets hot (HOT) | Moderate buffer (15.0) | Both teams rested (2+ days),2025-01
2025-01-15,Charlotte Hornets @ Utah Jazz,202.0,NO,42,229,True,SKIPPED,Weak offense (109.2) | Above average pace (98.8) | Charlotte Hornets hot (WARM) | Moderate buffer (15.0) | Both teams rested (3+ days),2025-01
2025-01-15,Dallas Mavericks @ New Orleans Pelicans,209.0,NO,30,235,True,SKIPPED,Above-avg offense (112.6) | Above average pace (99.2) | New Orleans Pelicans cold (scoring slump) | Moderate buffer (15.0) | Both teams on back-to-back (fatigued),2025-01
2025-01-15,Atlanta Hawks @ Chicago Bulls,221.0,NO,50,204,False,SKIPPED,Strong offense (114.3) | Fast pace (102.7) | Chicago Bulls cold (scoring slump) | Moderate buffer (15.0) | Both teams on back-to-back (fatigued),2025-01
2025-01-16,Phoenix Suns @ Washington Wizards,206.5,NO,42,253,True,SKIPPED,Weak offense (111.5) | Above average pace (99.0) | Washington Wizards hot (HOT) | Moderate buffer (15.1) | Both teams rested (2+ days),2025-01
2025-01-17,Utah Jazz @ New Orleans Pelicans,206.5,NO,30,259,True,SKIPPED,Weak offense (110.8) | Above average pace (99.5) | New Orleans Pelicans cold (scoring slump) | Moderate buffer (15.2) | Both teams rested (2+ days),2025-01
2025-01-17,Charlotte Hornets @ Chicago Bulls,208.0,NO,47,248,True,SKIPPED,Weak offense (110.7) | Fast pace (100.2) | Charlotte Hornets hot (HOT) | Tight buffer (14.9) | Both teams rested (2+ days),2025-01
2025-01-19,Washington Wizards @ Sacramento Kings,208.5,NO,37,223,True,SKIPPED,Weak offense (111.8) | Above average pace (99.6) | Washington Wizards hot (HOT) | Moderate buffer (15.2) | Washington Wizards on back-to-back,2025-01
2025-01-19,Chicago Bulls @ Portland Trail Blazers,213.5,NO,45,215,True,SKIPPED,Above-avg offense (112.9) | Fast pace (100.8) | Chicago Bulls cold (scoring slump) | Moderate buffer (15.2) | Portland Trail Blazers on back-to-back,2025-01
2025-01-20,Dallas Mavericks @ Charlotte Hornets,204.5,NO,37,215,True,SKIPPED,Weak offense (111.0) | Above average pace (98.4) | Charlotte Hornets hot (HOT) | Tight buffer (14.8) | Both teams rested (3+ days),2025-01
2025-01-20,Utah Jazz @ New Orleans Pelicans,206.5,NO,30,242,True,SKIPPED,Weak offense (110.8) | Above average pace (99.5) | New Orleans Pelicans cold (scoring slump) | Moderate buffer (15.2) | Both teams rested (3+ days),2025-01
2025-01-22,Phoenix Suns @ Brooklyn Nets,203.5,NO,36,192,False,SKIPPED,Above-avg offense (112.3) | Average pace (96.8) | Both teams neutral form | Moderate buffer (15.2) | Brooklyn Nets on back-to-back,2025-01
2025-01-23,Toronto Raptors @ Atlanta Hawks,214.0,NO,53,241,True,SKIPPED,Above-avg offense (112.5) | Fast pace (101.2) | Both teams neutral form | Moderate buffer (15.1) | Atlanta Hawks on back-to-back,2025-01
2025-01-24,Portland Trail Blazers @ Charlotte Hornets,201.0,NO,37,199,False,SKIPPED,Weak offense (109.5) | Above average pace (98.2) | Charlotte Hornets hot (HOT) | Moderate buffer (15.0) | Portland Trail Blazers on back-to-back,2025-01
2025-01-25,Washington Wizards @ Phoenix Suns,206.5,NO,42,228,True,SKIPPED,Weak offense (111.5) | Above average pace (99.0) | Washington Wizards hot (HOT) | Moderate buffer (15.1) | Both teams rested (2+ days),2025-01
2025-01-25,New Orleans Pelicans @ Charlotte Hornets,200.0,NO,27,215,True,SKIPPED,Weak offense (108.8) | Above average pace (98.3) | Charlotte Hornets hot (HOT) | Tight buffer (14.9) | Both teams on back-to-back (fatigued),2025-01
2025-01-25,Toronto Raptors @ Atlanta Hawks,214.0,NO,58,211,False,SKIPPED,Above-avg offense (112.5) | Fast pace (101.2) | Both teams neutral form | Moderate buffer (15.1) | Both teams rested (2+ days),2025-01
2025-01-25,Philadelphia 76ers @ Chicago Bulls,212.5,NO,40,206,False,SKIPPED,Above-avg offense (113.0) | Fast pace (100.1) | Chicago Bulls cold (scoring slump) | Tight buffer (14.9) | Philadelphia 76ers on back-to-back,2025-01
2025-01-27,New Orleans Pelicans @ Toronto Raptors,205.5,NO,30,217,True,SKIPPED,Weak offense (110.5) | Above average pace (99.4) | New Orleans Pelicans cold (scoring slump) | Moderate buffer (15.2) | Both teams rested (2+ days),2025-01
2025-01-27,Washington Wizards @ Dallas Mavericks,207.0,NO,52,238,True,SKIPPED,Weak offense (110.8) | Fast pace (100.1) | Washington Wizards hot (HOT) | Moderate buffer (15.2) | Both teams rested (2+ days),2025-01
2025-01-27,Sacramento Kings @ Brooklyn Nets,206.0,NO,48,206,False,SKIPPED,Above-avg offense (112.6) | Average pace (97.3) | Both teams hot (WARM/WARM) | Tight buffer (14.8) | Both teams rested (2+ days),2025-01
2025-01-29,Toronto Raptors @ Washington Wizards,204.0,NO,47,188,False,SKIPPED,Weak offense (108.7) | Fast pace (100.3) | Washington Wizards hot (HOT) | Tight buffer (14.9) | Both teams rested (2+ days),2025-01
2025-01-29,Sacramento Kings @ Philadelphia 76ers,210.5,NO,45,221,True,SKIPPED,Strong offense (114.3) | Average pace (97.8) | Sacramento Kings hot (WARM) | Tight buffer (14.8) | Philadelphia 76ers on back-to-back,2025-01
2025-01-29,Dallas Mavericks @ New Orleans Pelicans,209.0,NO,40,273,True,SKIPPED,Above-avg offense (112.6) | Above average pace (99.2) | New Orleans Pelicans cold (scoring slump) | Moderate buffer (15.0) | Both teams rested (2+ days),2025-01
2025-01-29,Brooklyn Nets @ Charlotte Hornets,195.0,NO,43,187,False,SKIPPED,Weak offense (107.9) | Average pace (97.0) | Both teams hot (WARM/HOT) | Moderate buffer (15.2) | Both teams rested (2+ days),2025-01
2025-01-31,Chicago Bulls @ Toronto Raptors,213.5,NO,50,228,True,SKIPPED,Above-avg offense (112.3) | Fast pace (101.2) | Chicago Bulls cold (scoring slump) | Moderate buffer (15.2) | Both teams rested (2+ days),2025-01
2025-02-01,Phoenix Suns @ Portland Trail Blazers,209.5,NO,36,235,True,SKIPPED,Above-avg offense (114.0) | Average pace (97.9) | Both teams neutral form | Moderate buffer (15.0) | Phoenix Suns on back-to-back,2025-02
2025-02-03,Phoenix Suns @ Portland Trail Blazers,209.5,NO,41,240,True,SKIPPED,Above-avg offense (114.0) | Average pace (97.9) | Both teams neutral form | Moderate buffer (15.0) | Both teams rested (2+ days),2025-02
2025-02-03,Washington Wizards @ Charlotte Hornets,198.0,NO,50,238,True,SKIPPED,Weak offense (107.0) | Above average pace (99.2) | Both teams hot (WARM/WARM) | Moderate buffer (15.1) | Both teams rested (2+ days),2025-02
2025-02-04,Dallas Mavericks @ Philadelphia 76ers,209.0,NO,47,234,True,SKIPPED,Above-avg offense (113.3) | Above average pace (98.3) | Dallas Mavericks hot (WARM) | Tight buffer (14.8) | Both teams rested (2+ days),2025-02
2025-02-05,Washington Wizards @ Brooklyn Nets,198.0,NO,45,221,True,SKIPPED,Weak offense (107.7) | Above average pace (98.7) | Both teams hot (WARM/HOT) | Moderate buffer (15.1) | Brooklyn Nets on back-to-back,2025-02
2025-02-05,San Antonio Spurs @ Atlanta Hawks,217.0,NO,68,251,True,SKIPPED,Strong offense (114.5) | Fast pace (100.9) | Both teams neutral form | Moderate buffer (15.1) | Both teams rested (2+ days),2025-02
2025-02-06,Sacramento Kings @ Portland Trail Blazers,211.5,NO,53,210,False,SKIPPED,Strong offense (114.2) | Above average pace (98.5) | Both teams neutral form | Moderate buffer (15.1) | Sacramento Kings on back-to-back,2025-02
2025-02-07,San Antonio Spurs @ Charlotte Hornets,204.0,NO,42,233,True,SKIPPED,Weak offense (110.8) | Above average pace (98.4) | Charlotte Hornets hot (WARM) | Moderate buffer (15.0) | Both teams rested (2+ days),2025-02
2025-02-07,Utah Jazz @ Phoenix Suns,210.5,NO,48,262,True,SKIPPED,Above-avg offense (113.7) | Above average pace (98.5) | Both teams neutral form | Moderate buffer (15.0) | Both teams rested (2+ days),2025-02
2025-02-08,New Orleans Pelicans @ Sacramento Kings,210.5,NO,40,241,True,SKIPPED,Above-avg offense (113.6) | Above average pace (98.7) | New Orleans Pelicans cold (scoring slump) | Moderate buffer (15.0) | Both teams rested (3+ days),2025-02
2025-02-08,Atlanta Hawks @ Washington Wizards,211.0,NO,42,236,True,SKIPPED,Weak offense (110.7) | Fast pace (101.8) | Washington Wizards hot (WARM) | Moderate buffer (15.2) | Both teams on back-to-back (fatigued),2025-02
2025-02-10,San Antonio Spurs @ Washington Wizards,207.0,NO,47,252,True,SKIPPED,Weak offense (110.6) | Fast pace (100.1) | Washington Wizards hot (WARM) | Tight buffer (14.9) | Both teams rested (2+ days),2025-02
2025-02-10,Charlotte Hornets @ Brooklyn Nets,195.0,NO,38,186,False,SKIPPED,Weak offense (107.9) | Average pace (97.0) | Both teams hot (WARM/HOT) | Moderate buffer (15.2) | Charlotte Hornets on back-to-back,2025-02
2025-02-10,Sacramento Kings @ Dallas Mavericks,215.0,NO,57,257,True,SKIPPED,Strong offense (115.8) | Above average pace (98.7) | Dallas Mavericks hot (WARM) | Tight buffer (14.9) | Both teams rested (2+ days),2025-02
2025-02-11,Toronto Raptors @ Philadelphia 76ers,205.5,NO,38,209,True,SKIPPED,Weak offense (111.2) | Above average pace (98.6) | Both teams neutral form | Moderate buffer (15.0) | Both teams rested (2+ days),2025-02
2025-02-12,Philadelphia 76ers @ Brooklyn Nets,199.5,NO,30,196,False,SKIPPED,Weak offense (110.2) | Average pace (96.9) | Brooklyn Nets hot (HOT) | Moderate buffer (15.2) | Philadelphia 76ers on back-to-back,2025-02
2025-02-12,Sacramento Kings @ New Orleans Pelicans,210.5,NO,40,230,True,SKIPPED,Above-avg offense (113.6) | Above average pace (98.7) | New Orleans Pelicans cold (scoring slump) | Moderate buffer (15.0) | Both teams rested (2+ days),2025-02
2025-02-13,Sacramento Kings @ New Orleans Pelicans,210.5,NO,30,273,True,SKIPPED,Above-avg offense (113.6) | Above average pace (98.7) | New Orleans Pelicans cold (scoring slump) | Moderate buffer (15.0) | Both teams on back-to-back (fatigued),2025-02
2025-02-20,Phoenix Suns @ San Antonio Spurs,212.5,NO,58,229,True,SKIPPED,Strong offense (115.3) | Above average pace (98.2) | Both teams neutral form | Moderate buffer (15.0) | Both teams rested (8+ days),2025-02
2025-02-21,New Orleans Pelicans @ Dallas Mavericks,209.0,NO,52,214,True,SKIPPED,Above-avg offense (112.6) | Above average pace (99.2) | Dallas Mavericks hot (WARM) | Moderate buffer (15.0) | Both teams rested (8+ days),2025-02
2025-02-22,Charlotte Hornets @ Portland Trail Blazers,201.0,NO,42,229,True,SKIPPED,Weak offense (109.5) | Above average pace (98.2) | Charlotte Hornets hot (WARM) | Moderate buffer (15.0) | Both teams rested (2+ days),2025-02
2025-02-22,Brooklyn Nets @ Philadelphia 76ers,199.5,NO,35,208,True,SKIPPED,Weak offense (110.2) | Average pace (96.9) | Brooklyn Nets hot (HOT) | Moderate buffer (15.2) | Both teams rested (2+ days),2025-02
2025-02-22,Phoenix Suns @ Chicago Bulls,216.5,NO,45,238,True,SKIPPED,Strong offense (115.2) | Above average pace (99.9) | Chicago Bulls cold (scoring slump) | Tight buffer (14.9) | Both teams rested (2+ days),2025-02
2025-02-23,San Antonio Spurs @ New Orleans Pelicans,208.5,NO,40,210,True,SKIPPED,Above-avg offense (112.4) | Above average pace (99.2) | New Orleans Pelicans cold (scoring slump) | Moderate buffer (15.2) | Both teams rested (2+ days),2025-02
2025-02-23,Phoenix Suns @ Toronto Raptors,209.5,NO,43,236,True,SKIPPED,Above-avg offense (113.3) | Above average pace (98.4) | Both teams neutral form | Moderate buffer (15.0) | Phoenix Suns on back-to-back,2025-02
2025-02-24,Portland Trail Blazers @ Utah Jazz,208.0,NO,33,226,True,SKIPPED,Weak offense (111.5) | Above average pace (99.4) | Both teams neutral form | Tight buffer (14.8) | Both teams rested (2+ days),2025-02
2025-02-24,Charlotte Hornets @ Sacramento Kings,206.0,NO,40,218,True,SKIPPED,Above-avg offense (112.0) | Average pace (97.9) | Charlotte Hornets hot (WARM) | Tight buffer (14.8) | Both teams rested (2+ days),2025-02
2025-02-24,Brooklyn Nets @ Washington Wizards,198.0,NO,45,206,True,SKIPPED,Weak offense (107.7) | Above average pace (98.7) | Both teams hot (HOT/WARM) | Moderate buffer (15.1) | Washington Wizards on back-to-back,2025-02
2025-02-24,Chicago Bulls @ Philadelphia 76ers,212.5,NO,45,252,True,SKIPPED,Above-avg offense (113.0) | Fast pace (100.1) | Chicago Bulls cold (scoring slump) | Tight buffer (14.9) | Both teams rested (2+ days),2025-02
2025-02-25,San Antonio Spurs @ New Orleans Pelicans,208.5,NO,40,212,True,SKIPPED,Above-avg offense (112.4) | Above average pace (99.2) | New Orleans Pelicans cold (scoring slump) | Moderate buffer (15.2) | Both teams rested (2+ days),2025-02
2025-02-26,Sacramento Kings @ Utah Jazz,212.5,NO,48,219,True,SKIPPED,Above-avg offense (114.0) | Above average pace (99.1) | Both teams neutral form | Moderate buffer (15.1) | Both teams rested (2+ days),2025-02
2025-02-26,Portland Trail Blazers @ Washington Wizards,204.0,NO,37,250,True,SKIPPED,Weak offense (109.2) | Above average pace (99.8) | Washington Wizards hot (WARM) | Tight buffer (14.9) | Both teams rested (2+ days),2025-02
2025-02-27,New Orleans Pelicans @ Phoenix Suns,208.5,NO,35,240,True,SKIPPED,Above-avg offense (113.3) | Above average pace (98.1) | New Orleans Pelicans cold (scoring slump) | Tight buffer (14.9) | Both teams rested (2+ days),2025-02
2025-02-27,Charlotte Hornets @ Dallas Mavericks,204.5,NO,45,199,False,SKIPPED,Weak offense (111.0) | Above average pace (98.4) | Both teams hot (WARM/WARM) | Tight buffer (14.8) | Both teams rested (2+ days),2025-02
2025-02-28,Portland Trail Blazers @ Brooklyn Nets,201.0,NO,35,223,True,SKIPPED,Weak offense (110.1) | Average pace (97.6) | Brooklyn Nets hot (HOT) | Moderate buffer (15.0) | Both teams rested (2+ days),2025-02
2025-02-28,New Orleans Pelicans @ Phoenix Suns,208.5,NO,25,233,True,SKIPPED,Above-avg offense (113.3) | Above average pace (98.1) | New Orleans Pelicans cold (scoring slump) | Tight buffer (14.9) | Both teams on back-to-back (fatigued),2025-02
2025-02-28,Toronto Raptors @ Chicago Bulls,213.5,NO,50,240,True,SKIPPED,Above-avg offense (112.3) | Fast pace (101.2) | Chicago Bulls cold (scoring slump) | Moderate buffer (15.2) | Both teams rested (2+ days),2025-02
2025-03-01,Washington Wizards @ Charlotte Hornets,198.0,NO,50,213,True,SKIPPED,Weak offense (107.0) | Above average pace (99.2) | Both teams hot (WARM/WARM) | Moderate buffer (15.1) | Both teams rested (3+ days),2025-03
2025-03-02,New Orleans Pelicans @ Utah Jazz,206.5,NO,30,249,True,SKIPPED,Weak offense (110.8) | Above average pace (99.5) | New Orleans Pelicans cold (scoring slump) | Moderate buffer (15.2) | Both teams rested (2+ days),2025-03
2025-03-03,Portland Trail Blazers @ Philadelphia 76ers,205.5,NO,33,221,True,SKIPPED,Weak offense (111.8) | Above average pace (98.1) | Both teams neutral form | Moderate buffer (15.0) | Portland Trail Blazers on back-to-back,2025-03
2025-03-03,Sacramento Kings @ Dallas Mavericks,215.0,NO,57,220,True,SKIPPED,Strong offense (115.8) | Above average pace (98.7) | Dallas Mavericks hot (WARM) | Tight buffer (14.9) | Both teams rested (2+ days),2025-03
2025-03-04,Brooklyn Nets @ San Antonio Spurs,204.0,NO,35,240,True,SKIPPED,Weak offense (111.5) | Average pace (97.8) | Brooklyn Nets hot (HOT) | Moderate buffer (15.0) | Both teams rested (3+ days),2025-03
2025-03-05,Utah Jazz @ Washington Wizards,205.0,NO,47,247,True,SKIPPED,Weak offense (109.0) | Fast pace (100.5) | Washington Wizards hot (WARM) | Tight buffer (14.9) | Both teams rested (2+ days),2025-03
2025-03-07,Utah Jazz @ Toronto Raptors,208.0,NO,33,227,True,SKIPPED,Weak offense (110.8) | Above average pace (99.8) | Both teams neutral form | Tight buffer (14.8) | Both teams rested (2+ days),2025-03
2025-03-07,San Antonio Spurs @ Sacramento Kings,214.5,NO,58,236,True,SKIPPED,Strong offense (115.6) | Above average pace (98.8) | Both teams neutral form | Moderate buffer (15.1) | Both teams rested (3+ days),2025-03
2025-03-08,Brooklyn Nets @ Charlotte Hornets,195.0,NO,30,207,True,SKIPPED,Weak offense (107.9) | Average pace (97.0) | Brooklyn Nets hot (HOT) | Moderate buffer (15.2) | Charlotte Hornets on back-to-back,2025-03
2025-03-08,Washington Wizards @ Toronto Raptors,204.0,NO,42,235,True,SKIPPED,Weak offense (108.7) | Fast pace (100.3) | Washington Wizards hot (WARM) | Tight buffer (14.9) | Toronto Raptors on back-to-back,2025-03
2025-03-09,Phoenix Suns @ Dallas Mavericks,213.0,NO,57,241,True,SKIPPED,Strong offense (115.5) | Above average pace (98.2) | Dallas Mavericks hot (HOT) | Tight buffer (14.8) | Both teams rested (2+ days),2025-03
2025-03-09,Utah Jazz @ Philadelphia 76ers,206.5,NO,38,248,True,SKIPPED,Weak offense (111.6) | Above average pace (98.7) | Both teams neutral form | Moderate buffer (15.0) | Both teams rested (2+ days),2025-03
2025-03-10,Dallas Mavericks @ San Antonio Spurs,213.0,NO,52,262,True,SKIPPED,Strong offense (114.6) | Above average pace (99.2) | Dallas Mavericks hot (HOT) | Moderate buffer (15.1) | Both teams on back-to-back (fatigued),2025-03
2025-03-10,Washington Wizards @ Toronto Raptors,204.0,NO,47,223,True,SKIPPED,Weak offense (108.7) | Fast pace (100.3) | Washington Wizards hot (WARM) | Tight buffer (14.9) | Both teams rested (2+ days),2025-03
2025-03-10,Philadelphia 76ers @ Atlanta Hawks,213.0,NO,48,255,True,SKIPPED,Above-avg offense (113.2) | Fast pace (100.0) | Both teams neutral form | Tight buffer (14.8) | Philadelphia 76ers on back-to-back,2025-03
2025-03-12,Charlotte Hornets @ Atlanta Hawks,208.5,NO,43,233,True,SKIPPED,Weak offense (110.9) | Fast pace (100.1) | Both teams neutral form | Tight buffer (14.8) | Both teams rested (2+ days),2025-03
2025-03-12,Philadelphia 76ers @ Toronto Raptors,205.5,NO,38,223,True,SKIPPED,Weak offense (111.2) | Above average pace (98.6) | Both teams neutral form | Moderate buffer (15.0) | Both teams rested (2+ days),2025-03
2025-03-12,Dallas Mavericks @ San Antonio Spurs,213.0,NO,62,242,True,SKIPPED,Strong offense (114.6) | Above average pace (99.2) | Dallas Mavericks hot (HOT) | Moderate buffer (15.1) | Both teams rested (2+ days),2025-03
2025-03-13,Brooklyn Nets @ Chicago Bulls,208.0,NO,37,226,True,SKIPPED,Weak offense (111.3) | Above average pace (99.6) | Brooklyn Nets hot (HOT) | Tight buffer (14.9) | Both teams rested (2+ days),2025-03
2025-03-14,Sacramento Kings @ Phoenix Suns,214.5,NO,51,228,True,SKIPPED,Elite offense (116.5) | Average pace (97.7) | Both teams neutral form | Tight buffer (14.8) | Sacramento Kings on back-to-back,2025-03
2025-03-14,Toronto Raptors @ Utah Jazz,208.0,NO,37,244,True,SKIPPED,Weak offense (110.8) | Above average pace (99.8) | Utah Jazz hot (WARM) | Tight buffer (14.8) | Both teams rested (2+ days),2025-03
2025-03-14,Charlotte Hornets @ San Antonio Spurs,204.0,NO,42,279,True,SKIPPED,Weak offense (110.8) | Above average pace (98.4) | Charlotte Hornets hot (HOT) | Moderate buffer (15.0) | Both teams rested (2+ days),2025-03
2025-03-15,New Orleans Pelicans @ San Antonio Spurs,208.5,NO,35,234,True,SKIPPED,Above-avg offense (112.4) | Above average pace (99.2) | New Orleans Pelicans cold (scoring slump) | Moderate buffer (15.2) | San Antonio Spurs on back-to-back,2025-03
2025-03-16,Toronto Raptors @ Portland Trail Blazers,207.0,NO,33,207,False,SKIPPED,Weak offense (111.1) | Above average pace (99.2) | Both teams neutral form | Tight buffer (14.8) | Both teams rested (2+ days),2025-03
2025-03-16,Philadelphia 76ers @ Dallas Mavericks,209.0,NO,47,255,True,SKIPPED,Above-avg offense (113.3) | Above average pace (98.3) | Dallas Mavericks hot (HOT) | Tight buffer (14.8) | Both teams rested (2+ days),2025-03
2025-03-16,Atlanta Hawks @ Brooklyn Nets,208.5,NO,32,236,True,SKIPPED,Weak offense (111.5) | Above average pace (99.5) | Brooklyn Nets hot (HOT) | Tight buffer (14.8) | Brooklyn Nets on back-to-back,2025-03
2025-03-17,Washington Wizards @ Portland Trail Blazers,204.0,NO,32,209,True,SKIPPED,Weak offense (109.2) | Above average pace (99.8) | Washington Wizards hot (WARM) | Tight buffer (14.9) | Portland Trail Blazers on back-to-back,2025-03
2025-03-17,Chicago Bulls @ Utah Jazz,214.5,NO,57,208,False,SKIPPED,Above-avg offense (112.7) | Fast pace (101.4) | Utah Jazz hot (WARM) | Moderate buffer (15.2) | Utah Jazz on back-to-back,2025-03
2025-03-17,Toronto Raptors @ Phoenix Suns,209.5,NO,38,218,True,SKIPPED,Above-avg offense (113.3) | Above average pace (98.4) | Both teams neutral form | Moderate buffer (15.0) | Both teams on back-to-back (fatigued),2025-03
2025-03-18,Atlanta Hawks @ Charlotte Hornets,208.5,NO,47,236,True,SKIPPED,Weak offense (110.9) | Fast pace (100.1) | Charlotte Hornets hot (HOT) | Tight buffer (14.8) | Both teams rested (2+ days),2025-03
2025-03-19,Chicago Bulls @ Phoenix Suns,216.5,NO,45,248,True,SKIPPED,Strong offense (115.2) | Above average pace (99.9) | Chicago Bulls cold (scoring slump) | Tight buffer (14.9) | Both teams rested (2+ days),2025-03
2025-03-19,Washington Wizards @ Utah Jazz,205.0,NO,55,240,True,SKIPPED,Weak offense (109.0) | Fast pace (100.5) | Both teams hot (WARM/WARM) | Tight buffer (14.9) | Both teams rested (2+ days),2025-03
2025-03-20,Chicago Bulls @ Sacramento Kings,218.5,NO,50,244,True,SKIPPED,Strong offense (115.4) | Fast pace (100.5) | Chicago Bulls cold (scoring slump) | Moderate buffer (15.0) | Both teams on back-to-back (fatigued),2025-03
2025-03-21,Philadelphia 76ers @ San Antonio Spurs,208.5,NO,48,248,True,SKIPPED,Above-avg offense (113.2) | Above average pace (98.3) | Both teams neutral form | Moderate buffer (15.0) | Both teams rested (2+ days),2025-03
2025-03-23,San Antonio Spurs @ Toronto Raptors,210.0,NO,43,212,True,SKIPPED,Above-avg offense (112.5) | Above average pace (99.5) | Both teams neutral form | Tight buffer (14.8) | Both teams rested (2+ days),2025-03
2025-03-23,Philadelphia 76ers @ Atlanta Hawks,213.0,NO,48,251,True,SKIPPED,Above-avg offense (113.2) | Fast pace (100.0) | Both teams neutral form | Tight buffer (14.8) | Atlanta Hawks on back-to-back,2025-03
2025-03-24,Philadelphia 76ers @ New Orleans Pelicans,204.5,NO,15,211,True,SKIPPED,Weak offense (111.2) | Above average pace (98.2) | New Orleans Pelicans cold (scoring slump) | Tight buffer (14.9) | Both teams on back-to-back (fatigued),2025-03
2025-03-24,Dallas Mavericks @ Brooklyn Nets,204.5,NO,38,221,True,SKIPPED,Weak offense (111.7) | Average pace (97.8) | Both teams hot (HOT/HOT) | Tight buffer (14.8) | Both teams rested (3+ days),2025-03
2025-03-24,Toronto Raptors @ Washington Wizards,204.0,NO,42,216,True,SKIPPED,Weak offense (108.7) | Fast pace (100.3) | Washington Wizards hot (HOT) | Tight buffer (14.9) | Toronto Raptors on back-to-back,2025-03
2025-03-26,Washington Wizards @ Philadelphia 76ers,202.5,NO,42,233,True,SKIPPED,Weak offense (109.3) | Above average pace (99.2) | Washington Wizards hot (HOT) | Moderate buffer (15.1) | Both teams rested (2+ days),2025-03
2025-03-26,Toronto Raptors @ Brooklyn Nets,201.0,NO,42,202,True,SKIPPED,Weak offense (109.5) | Above average pace (98.1) | Brooklyn Nets hot (HOT) | Moderate buffer (15.0) | Both teams rested (2+ days),2025-03
2025-03-27,Portland Trail Blazers @ Sacramento Kings,211.5,NO,58,235,True,SKIPPED,Strong offense (114.2) | Above average pace (98.5) | Both teams neutral form | Moderate buffer (15.1) | Both teams rested (2+ days),2025-03
2025-03-28,Charlotte Hornets @ Toronto Raptors,201.0,NO,50,205,True,SKIPPED,Weak offense (108.9) | Above average pace (98.7) | Both teams hot (HOT/HOT) | Moderate buffer (15.0) | Both teams rested (3+ days),2025-03
2025-03-29,Brooklyn Nets @ Washington Wizards,198.0,NO,45,227,True,SKIPPED,Weak offense (107.7) | Above average pace (98.7) | Both teams hot (WARM/HOT) | Moderate buffer (15.1) | Brooklyn Nets on back-to-back,2025-03
2025-03-29,Dallas Mavericks @ Chicago Bulls,217.0,NO,72,239,True,SKIPPED,Strong offense (114.4) | Fast pace (101.0) | Dallas Mavericks hot (HOT) | Moderate buffer (15.0) | Both teams rested (2+ days),2025-03
2025-03-30,Charlotte Hornets @ New Orleans Pelicans,200.0,NO,37,192,False,SKIPPED,Weak offense (108.8) | Above average pace (98.3) | Charlotte Hornets hot (HOT) | Tight buffer (14.9) | Both teams rested (2+ days),2025-03
2025-03-30,Toronto Raptors @ Philadelphia 76ers,205.5,NO,37,236,True,SKIPPED,Weak offense (111.2) | Above average pace (98.6) | Toronto Raptors hot (HOT) | Moderate buffer (15.0) | Philadelphia 76ers on back-to-back,2025-03
2025-03-31,Brooklyn Nets @ Dallas Mavericks,204.5,NO,38,222,True,SKIPPED,Weak offense (111.7) | Average pace (97.8) | Both teams hot (WARM/HOT) | Tight buffer (14.8) | Both teams rested (2+ days),2025-03
2025-03-31,Utah Jazz @ Charlotte Hornets,202.0,NO,45,216,True,SKIPPED,Weak offense (109.2) | Above average pace (98.8) | Both teams hot (HOT/HOT) | Moderate buffer (15.0) | Charlotte Hornets on back-to-back,2025-03
2025-04-01,Portland Trail Blazers @ Atlanta Hawks,214.0,NO,58,240,True,SKIPPED,Above-avg offense (113.2) | Fast pace (100.7) | Both teams neutral form | Moderate buffer (15.1) | Both teams rested (2+ days),2025-04
2025-04-01,Toronto Raptors @ Chicago Bulls,213.5,NO,57,255,True,SKIPPED,Above-avg offense (112.3) | Fast pace (101.2) | Toronto Raptors hot (HOT) | Moderate buffer (15.2) | Chicago Bulls on back-to-back,2025-04
2025-04-02,Sacramento Kings @ Washington Wizards,208.5,NO,42,227,True,SKIPPED,Weak offense (111.8) | Above average pace (99.6) | Washington Wizards hot (HOT) | Moderate buffer (15.2) | Both teams rested (2+ days),2025-04
2025-04-02,Atlanta Hawks @ Dallas Mavericks,217.5,NO,62,238,True,SKIPPED,Strong offense (114.7) | Fast pace (100.9) | Dallas Mavericks hot (HOT) | Tight buffer (14.9) | Atlanta Hawks on back-to-back,2025-04
2025-04-03,Portland Trail Blazers @ Toronto Raptors,207.0,NO,37,215,True,SKIPPED,Weak offense (111.1) | Above average pace (99.2) | Toronto Raptors hot (HOT) | Tight buffer (14.8) | Both teams rested (2+ days),2025-04
2025-04-04,Portland Trail Blazers @ Chicago Bulls,213.5,NO,45,231,True,SKIPPED,Above-avg offense (112.9) | Fast pace (100.8) | Chicago Bulls cold (scoring slump) | Moderate buffer (15.2) | Portland Trail Blazers on back-to-back,2025-04
2025-04-04,Sacramento Kings @ Charlotte Hornets,206.0,NO,40,227,True,SKIPPED,Above-avg offense (112.0) | Average pace (97.9) | Charlotte Hornets hot (HOT) | Tight buffer (14.8) | Both teams rested (2+ days),2025-04
2025-04-06,San Antonio Spurs @ Portland Trail Blazers,210.0,NO,43,229,True,SKIPPED,Above-avg offense (113.1) | Above average pace (99.0) | Both teams neutral form | Tight buffer (14.8) | Both teams rested (2+ days),2025-04
2025-04-06,Utah Jazz @ Atlanta Hawks,215.0,NO,57,281,True,SKIPPED,Above-avg offense (112.9) | Fast pace (101.3) | Utah Jazz hot (HOT) | Moderate buffer (15.1) | Atlanta Hawks on back-to-back,2025-04
2025-04-06,Toronto Raptors @ Brooklyn Nets,201.0,NO,50,229,True,SKIPPED,Weak offense (109.5) | Above average pace (98.1) | Both teams hot (HOT/WARM) | Moderate buffer (15.0) | Both teams rested (2+ days),2025-04
2025-04-06,Chicago Bulls @ Charlotte Hornets,208.0,NO,47,248,True,SKIPPED,Weak offense (110.7) | Fast pace (100.2) | Charlotte Hornets hot (HOT) | Tight buffer (14.9) | Both teams rested (2+ days),2025-04
2025-04-08,New Orleans Pelicans @ Brooklyn Nets,200.0,NO,30,233,True,SKIPPED,Weak offense (109.5) | Average pace (97.8) | Brooklyn Nets hot (WARM) | Tight buffer (14.9) | Both teams rested (2+ days),2025-04
2025-04-09,Philadelphia 76ers @ Washington Wizards,202.5,NO,37,225,True,SKIPPED,Weak offense (109.3) | Above average pace (99.2) | Washington Wizards hot (HOT) | Moderate buffer (15.1) | Washington Wizards on back-to-back,2025-04
2025-04-09,Charlotte Hornets @ Toronto Raptors,201.0,NO,45,222,True,SKIPPED,Weak offense (108.9) | Above average pace (98.7) | Both teams hot (HOT/HOT) | Moderate buffer (15.0) | Charlotte Hornets on back-to-back,2025-04
2025-04-09,Portland Trail Blazers @ Utah Jazz,208.0,NO,37,259,True,SKIPPED,Weak offense (111.5) | Above average pace (99.4) | Utah Jazz hot (HOT) | Tight buffer (14.8) | Both teams rested (3+ days),2025-04
2025-04-10,Atlanta Hawks @ Brooklyn Nets,208.5,NO,37,242,True,SKIPPED,Weak offense (111.5) | Above average pace (99.5) | Brooklyn Nets hot (WARM) | Tight buffer (14.8) | Both teams rested (2+ days),2025-04
2025-04-11,Toronto Raptors @ Dallas Mavericks,210.0,NO,60,226,True,SKIPPED,Above-avg offense (112.7) | Above average pace (99.5) | Both teams hot (HOT/HOT) | Moderate buffer (15.1) | Both teams rested (2+ days),2025-04
2025-04-11,Washington Wizards @ Chicago Bulls,211.0,NO,47,208,False,SKIPPED,Weak offense (110.4) | Fast pace (101.8) | Washington Wizards hot (HOT) | Tight buffer (14.8) | Both teams rested (2+ days),2025-04
2025-04-11,Atlanta Hawks @ Philadelphia 76ers,213.0,NO,48,234,True,SKIPPED,Above-avg offense (113.2) | Fast pace (100.0) | Both teams neutral form | Tight buffer (14.8) | Atlanta Hawks on back-to-back,2025-04
2025-04-11,San Antonio Spurs @ Phoenix Suns,212.5,NO,58,215,True,SKIPPED,Strong offense (115.3) | Above average pace (98.2) | Both teams neutral form | Moderate buffer (15.0) | Both teams rested (2+ days),2025-04
2025-04-13,Toronto Raptors @ San Antonio Spurs,210.0,NO,47,243,True,SKIPPED,Above-avg offense (112.5) | Above average pace (99.5) | Toronto Raptors hot (HOT) | Tight buffer (14.8) | Both teams rested (2+ days),2025-04
2025-04-13,Chicago Bulls @ Philadelphia 76ers,212.5,NO,45,224,True,SKIPPED,Above-avg offense (113.0) | Fast pace (100.1) | Chicago Bulls cold (scoring slump) | Tight buffer (14.9) | Both teams rested (2+ days),2025-04
2025-04-13,Phoenix Suns @ Sacramento Kings,214.5,NO,56,207,False,SKIPPED,Elite offense (116.5) | Average pace (97.7) | Both teams neutral form | Tight buffer (14.8) | Both teams rested (2+ days),2025-04
2025-04-16,Dallas Mavericks @ Sacramento Kings,215.0,NO,57,226,True,SKIPPED,Strong offense (115.8) | Above average pace (98.7) | Dallas Mavericks hot (HOT) | Tight buffer (14.9) | Both teams rested (3+ days),2025-04
