date,game,minimum,prediction,confidence,score,actual_total,went_over,result,reasoning
2025-11-14,Golden State Warriors @ San Antonio Spurs,218.5,MAYBE,73,73,217.0,False,SKIPPED,Elite offense (avg ORtg: 116.0) | Above average pace (99.8) | Both teams neutral form
2025-11-14,Philadelphia 76ers @ Detroit Pistons,222.5,YES,87,87,219.0,False,LOSS,Elite offense (avg ORtg: 117.3) | Fast pace (100.3) | Philadelphia 76ers hot (HOT)
2025-11-14,Portland Trail Blazers @ Houston Rockets,231.0,YES,95,95,256.0,True,WIN,Elite offense (avg ORtg: 121.8) | Fast pace (100.2) | Both teams hot (WARM/HOT)
2025-11-14,Charlotte Hornets @ Milwaukee Bucks,224.0,YES,83,83,281.0,True,WIN,Elite offense (avg ORtg: 118.2) | Fast pace (100.2) | Both teams neutral form
2025-11-14,Sacramento Kings @ Minnesota Timberwolves,219.5,MAYBE,77,77,234.0,True,SKIPPED,Strong offense (avg ORtg: 115.6) | Fast pace (101.5) | Sacramento Kings hot (WARM)
2025-11-14,Los Angeles Lakers @ New Orleans Pelicans,209.5,NO,45,45,222.0,True,SKIPPED,Above-avg offense (avg ORtg: 113.2) | Above average pace (98.8) | Good buffer (15.0 pts above minimum)
2025-11-14,Los Angeles Clippers @ Dallas Mavericks,205.5,NO,35,35,260.0,True,SKIPPED,Above average pace (99.6) | Good buffer (15.2 pts above minimum) | Both teams rested (2+ days)
2025-11-14,Brooklyn Nets @ Orlando Magic,209.5,NO,65,65,203.0,False,SKIPPED,Above-avg offense (avg ORtg: 112.8) | Above average pace (99.5) | Both teams hot (WARM/HOT)
2025-11-14,Los Angeles Clippers @ Dallas Mavericks,205.5,NO,35,35,260.0,True,SKIPPED,Above average pace (99.6) | Good buffer (15.2 pts above minimum) | Both teams rested (2+ days)
2025-11-14,Brooklyn Nets @ Orlando Magic,209.5,NO,65,65,203.0,False,SKIPPED,Above-avg offense (avg ORtg: 112.8) | Above average pace (99.5) | Both teams hot (WARM/HOT)
2025-11-14,Philadelphia 76ers @ Detroit Pistons,222.5,YES,87,87,219.0,False,LOSS,Elite offense (avg ORtg: 117.3) | Fast pace (100.3) | Philadelphia 76ers hot (HOT)
2025-11-14,Portland Trail Blazers @ Houston Rockets,231.0,YES,95,95,256.0,True,WIN,Elite offense (avg ORtg: 121.8) | Fast pace (100.2) | Both teams hot (WARM/HOT)
2025-11-14,Charlotte Hornets @ Milwaukee Bucks,224.0,YES,83,83,281.0,True,WIN,Elite offense (avg ORtg: 118.2) | Fast pace (100.2) | Both teams neutral form
2025-11-14,Sacramento Kings @ Minnesota Timberwolves,219.5,MAYBE,77,77,234.0,True,SKIPPED,Strong offense (avg ORtg: 115.6) | Fast pace (101.5) | Sacramento Kings hot (WARM)
2025-11-14,Los Angeles Lakers @ New Orleans Pelicans,209.5,NO,45,45,222.0,True,SKIPPED,Above-avg offense (avg ORtg: 113.2) | Above average pace (98.8) | Good buffer (15.0 pts above minimum)
2025-11-14,Miami Heat @ New York Knicks,232.5,MAYBE,72,72,272.0,True,SKIPPED,Elite offense (avg ORtg: 120.2) | Fast pace (102.5) | Moderate buffer (14.9 pts above minimum)
2025-11-14,Miami Heat @ New York Knicks,232.5,MAYBE,72,72,272.0,True,SKIPPED,Elite offense (avg ORtg: 120.2) | Fast pace (102.5) | Moderate buffer (14.9 pts above minimum)
2025-11-14,Golden State Warriors @ San Antonio Spurs,218.5,MAYBE,73,73,217.0,False,SKIPPED,Elite offense (avg ORtg: 116.0) | Above average pace (99.8) | Both teams neutral form
2025-11-07,Charlotte Hornets @ Miami Heat,229.0,MAYBE,75,75,234.0,True,SKIPPED,Elite offense (avg ORtg: 117.9) | Fast pace (102.7) | Good buffer (15.2 pts above minimum)
2025-11-07,Boston Celtics @ Orlando Magic,214.0,YES,82,82,233.0,True,WIN,Elite offense (avg ORtg: 116.2) | Above average pace (98.4) | Both teams hot (HOT/HOT)
2025-11-07,Cleveland Cavaliers @ Washington Wizards,220.5,NO,55,55,263.0,True,SKIPPED,Above-avg offense (avg ORtg: 113.5) | Fast pace (102.5) | Good buffer (15.2 pts above minimum)
2025-11-07,Toronto Raptors @ Atlanta Hawks,222.0,YES,92,92,206.0,False,LOSS,Elite offense (avg ORtg: 116.8) | Fast pace (101.3) | Both teams hot (HOT/HOT)
2025-11-07,Detroit Pistons @ Brooklyn Nets,212.0,NO,57,57,232.0,True,SKIPPED,Above-avg offense (avg ORtg: 113.5) | Above average pace (99.6) | Brooklyn Nets hot (WARM)
2025-11-07,Houston Rockets @ San Antonio Spurs,229.0,MAYBE,74,74,231.0,True,SKIPPED,Elite offense (avg ORtg: 122.2) | Above average pace (98.4) | Houston Rockets hot (HOT)
2025-11-07,Dallas Mavericks @ Memphis Grizzlies,207.0,NO,57,57,222.0,True,SKIPPED,Fast pace (102.5) | Memphis Grizzlies hot (WARM) | Good buffer (15.0 pts above minimum)
2025-11-07,Chicago Bulls @ Milwaukee Bucks,224.0,YES,80,80,236.0,True,WIN,Elite offense (avg ORtg: 117.3) | Fast pace (101.4) | Both teams neutral form
2025-11-07,Utah Jazz @ Minnesota Timberwolves,222.5,YES,87,87,234.0,True,WIN,Elite offense (avg ORtg: 117.5) | Fast pace (100.8) | Utah Jazz hot (HOT)
2025-11-07,Boston Celtics @ Orlando Magic,214.0,YES,82,82,233.0,True,WIN,Elite offense (avg ORtg: 116.2) | Above average pace (98.4) | Both teams hot (HOT/HOT)
2025-11-07,Cleveland Cavaliers @ Washington Wizards,220.5,NO,55,55,263.0,True,SKIPPED,Above-avg offense (avg ORtg: 113.5) | Fast pace (102.5) | Good buffer (15.2 pts above minimum)
2025-11-07,Golden State Warriors @ Denver Nuggets,224.5,MAYBE,73,73,233.0,True,SKIPPED,Elite offense (avg ORtg: 119.2) | Above average pace (99.8) | Both teams neutral form
2025-11-07,Detroit Pistons @ Brooklyn Nets,212.0,NO,57,57,232.0,True,SKIPPED,Above-avg offense (avg ORtg: 113.5) | Above average pace (99.6) | Brooklyn Nets hot (WARM)
2025-11-07,Houston Rockets @ San Antonio Spurs,229.0,MAYBE,74,74,231.0,True,SKIPPED,Elite offense (avg ORtg: 122.2) | Above average pace (98.4) | Houston Rockets hot (HOT)
2025-11-07,Dallas Mavericks @ Memphis Grizzlies,207.0,NO,57,57,222.0,True,SKIPPED,Fast pace (102.5) | Memphis Grizzlies hot (WARM) | Good buffer (15.0 pts above minimum)
2025-11-07,Charlotte Hornets @ Miami Heat,229.0,MAYBE,75,75,234.0,True,SKIPPED,Elite offense (avg ORtg: 117.9) | Fast pace (102.7) | Good buffer (15.2 pts above minimum)
2025-11-07,Chicago Bulls @ Milwaukee Bucks,224.0,YES,80,80,236.0,True,WIN,Elite offense (avg ORtg: 117.3) | Fast pace (101.4) | Both teams neutral form
2025-11-07,Utah Jazz @ Minnesota Timberwolves,222.5,YES,87,87,234.0,True,WIN,Elite offense (avg ORtg: 117.5) | Fast pace (100.8) | Utah Jazz hot (HOT)
2025-11-07,Golden State Warriors @ Denver Nuggets,224.5,MAYBE,73,73,233.0,True,SKIPPED,Elite offense (avg ORtg: 119.2) | Above average pace (99.8) | Both teams neutral form
2025-11-07,Oklahoma City Thunder @ Sacramento Kings,220.5,MAYBE,77,77,233.0,True,SKIPPED,Strong offense (avg ORtg: 115.0) | Fast pace (100.9) | Sacramento Kings hot (WARM)
2025-11-07,Oklahoma City Thunder @ Sacramento Kings,220.5,MAYBE,77,77,233.0,True,SKIPPED,Strong offense (avg ORtg: 115.0) | Fast pace (100.9) | Sacramento Kings hot (WARM)
2025-11-07,Toronto Raptors @ Atlanta Hawks,222.0,YES,92,92,206.0,False,LOSS,Elite offense (avg ORtg: 116.8) | Fast pace (101.3) | Both teams hot (HOT/HOT)
2025-10-24,Detroit Pistons @ Houston Rockets,228.5,MAYBE,77,77,226.0,False,SKIPPED,Elite offense (avg ORtg: 121.3) | Above average pace (99.2) | Houston Rockets hot (HOT)
2025-10-24,Minnesota Timberwolves @ Los Angeles Lakers,222.5,MAYBE,75,75,238.0,True,SKIPPED,Elite offense (avg ORtg: 118.5) | Fast pace (100.2) | Good buffer (15.0 pts above minimum)
2025-10-24,Washington Wizards @ Dallas Mavericks,207.5,NO,45,45,224.0,True,SKIPPED,Fast pace (102.8) | Good buffer (15.2 pts above minimum) | Both teams rested (2+ days)
2025-10-24,Miami Heat @ Memphis Grizzlies,223.0,MAYBE,77,77,260.0,True,SKIPPED,Strong offense (avg ORtg: 114.0) | Fast pace (103.8) | Memphis Grizzlies hot (WARM)
2025-10-24,San Antonio Spurs @ New Orleans Pelicans,212.0,NO,60,60,236.0,True,SKIPPED,Strong offense (avg ORtg: 114.2) | Above average pace (98.4) | Both teams neutral form
2025-10-24,Boston Celtics @ New York Knicks,220.5,NO,67,67,200.0,False,SKIPPED,Elite offense (avg ORtg: 120.1) | Average pace (97.9) | Boston Celtics hot (HOT)
2025-10-24,Cleveland Cavaliers @ Brooklyn Nets,216.0,MAYBE,77,77,255.0,True,SKIPPED,Strong offense (avg ORtg: 114.7) | Fast pace (100.3) | Brooklyn Nets hot (WARM)
2025-10-24,Atlanta Hawks @ Orlando Magic,218.0,YES,82,82,218.0,False,LOSS,Strong offense (avg ORtg: 115.0) | Fast pace (101.2) | Both teams hot (HOT/HOT)
2025-10-24,Milwaukee Bucks @ Toronto Raptors,225.0,YES,87,87,238.0,True,WIN,Elite offense (avg ORtg: 118.6) | Fast pace (100.8) | Toronto Raptors hot (HOT)
2025-10-24,Atlanta Hawks @ Orlando Magic,218.0,YES,82,82,218.0,False,LOSS,Strong offense (avg ORtg: 115.0) | Fast pace (101.2) | Both teams hot (HOT/HOT)
2025-10-24,Golden State Warriors @ Portland Trail Blazers,220.5,MAYBE,72,72,258.0,True,SKIPPED,Strong offense (avg ORtg: 115.5) | Fast pace (101.7) | Portland Trail Blazers hot (WARM)
2025-10-24,Milwaukee Bucks @ Toronto Raptors,225.0,YES,87,87,238.0,True,WIN,Elite offense (avg ORtg: 118.6) | Fast pace (100.8) | Toronto Raptors hot (HOT)
2025-10-24,Cleveland Cavaliers @ Brooklyn Nets,216.0,MAYBE,77,77,255.0,True,SKIPPED,Strong offense (avg ORtg: 114.7) | Fast pace (100.3) | Brooklyn Nets hot (WARM)
2025-10-24,Phoenix Suns @ Los Angeles Clippers,215.0,NO,58,58,231.0,True,SKIPPED,Elite offense (avg ORtg: 116.3) | Average pace (97.6) | Good buffer (15.0 pts above minimum)
2025-10-24,Utah Jazz @ Sacramento Kings,214.5,MAYBE,75,75,209.0,False,SKIPPED,Above-avg offense (avg ORtg: 112.3) | Fast pace (101.7) | Both teams hot (HOT/WARM)
2025-10-24,Golden State Warriors @ Portland Trail Blazers,220.5,MAYBE,72,72,258.0,True,SKIPPED,Strong offense (avg ORtg: 115.5) | Fast pace (101.7) | Portland Trail Blazers hot (WARM)
2025-10-24,Detroit Pistons @ Houston Rockets,228.5,MAYBE,77,77,226.0,False,SKIPPED,Elite offense (avg ORtg: 121.3) | Above average pace (99.2) | Houston Rockets hot (HOT)
2025-10-24,Boston Celtics @ New York Knicks,220.5,NO,67,67,200.0,False,SKIPPED,Elite offense (avg ORtg: 120.1) | Average pace (97.9) | Boston Celtics hot (HOT)
2025-10-24,San Antonio Spurs @ New Orleans Pelicans,212.0,NO,60,60,236.0,True,SKIPPED,Strong offense (avg ORtg: 114.2) | Above average pace (98.4) | Both teams neutral form
2025-10-24,Miami Heat @ Memphis Grizzlies,223.0,MAYBE,77,77,260.0,True,SKIPPED,Strong offense (avg ORtg: 114.0) | Fast pace (103.8) | Memphis Grizzlies hot (WARM)
2025-10-24,Phoenix Suns @ Los Angeles Clippers,215.0,NO,58,58,231.0,True,SKIPPED,Elite offense (avg ORtg: 116.3) | Average pace (97.6) | Good buffer (15.0 pts above minimum)
2025-10-24,Utah Jazz @ Sacramento Kings,214.5,MAYBE,75,75,209.0,False,SKIPPED,Above-avg offense (avg ORtg: 112.3) | Fast pace (101.7) | Both teams hot (HOT/WARM)
2025-10-24,Washington Wizards @ Dallas Mavericks,207.5,NO,45,45,224.0,True,SKIPPED,Fast pace (102.8) | Good buffer (15.2 pts above minimum) | Both teams rested (2+ days)
2025-10-24,Minnesota Timberwolves @ Los Angeles Lakers,222.5,MAYBE,75,75,238.0,True,SKIPPED,Elite offense (avg ORtg: 118.5) | Fast pace (100.2) | Good buffer (15.0 pts above minimum)
2025-10-31,Denver Nuggets @ Portland Trail Blazers,230.0,YES,87,87,216.0,False,LOSS,Elite offense (avg ORtg: 120.8) | Fast pace (101.0) | Portland Trail Blazers hot (WARM)
2025-10-31,New Orleans Pelicans @ Los Angeles Clippers,205.0,NO,25,25,250.0,True,SKIPPED,Average pace (97.0) | Moderate buffer (14.9 pts above minimum) | Both teams rested (2+ days)
2025-10-31,Boston Celtics @ Philadelphia 76ers,217.5,YES,85,85,217.0,False,LOSS,Elite offense (avg ORtg: 117.9) | Above average pace (98.1) | Both teams hot (HOT/HOT)
2025-10-31,New Orleans Pelicans @ Los Angeles Clippers,205.0,NO,25,25,250.0,True,SKIPPED,Average pace (97.0) | Moderate buffer (14.9 pts above minimum) | Both teams rested (2+ days)
2025-10-31,Denver Nuggets @ Portland Trail Blazers,230.0,YES,87,87,216.0,False,LOSS,Elite offense (avg ORtg: 120.8) | Fast pace (101.0) | Portland Trail Blazers hot (WARM)
2025-10-31,Utah Jazz @ Phoenix Suns,220.0,MAYBE,74,74,214.0,False,SKIPPED,Elite offense (avg ORtg: 116.7) | Above average pace (99.8) | Utah Jazz hot (HOT)
2025-10-31,Los Angeles Lakers @ Memphis Grizzlies,214.0,NO,64,64,229.0,True,SKIPPED,Above-avg offense (avg ORtg: 113.2) | Fast pace (101.1) | Memphis Grizzlies hot (WARM)
2025-10-31,New York Knicks @ Chicago Bulls,225.5,YES,83,83,260.0,True,WIN,Elite offense (avg ORtg: 119.4) | Fast pace (100.8) | Both teams neutral form
2025-10-31,Toronto Raptors @ Cleveland Cavaliers,227.0,YES,87,87,213.0,False,LOSS,Elite offense (avg ORtg: 118.7) | Fast pace (101.6) | Toronto Raptors hot (HOT)
2025-10-31,Utah Jazz @ Phoenix Suns,220.0,MAYBE,74,74,214.0,False,SKIPPED,Elite offense (avg ORtg: 116.7) | Above average pace (99.8) | Utah Jazz hot (HOT)
2025-10-31,Los Angeles Lakers @ Memphis Grizzlies,214.0,NO,64,64,229.0,True,SKIPPED,Above-avg offense (avg ORtg: 113.2) | Fast pace (101.1) | Memphis Grizzlies hot (WARM)
2025-10-31,Atlanta Hawks @ Indiana Pacers,210.5,NO,65,65,236.0,True,SKIPPED,Fast pace (101.6) | Both teams hot (HOT/WARM) | Good buffer (15.1 pts above minimum)
2025-10-31,Toronto Raptors @ Cleveland Cavaliers,227.0,YES,87,87,213.0,False,LOSS,Elite offense (avg ORtg: 118.7) | Fast pace (101.6) | Toronto Raptors hot (HOT)
2025-10-31,Boston Celtics @ Philadelphia 76ers,217.5,YES,85,85,217.0,False,LOSS,Elite offense (avg ORtg: 117.9) | Above average pace (98.1) | Both teams hot (HOT/HOT)
2025-10-31,Atlanta Hawks @ Indiana Pacers,210.5,NO,65,65,236.0,True,SKIPPED,Fast pace (101.6) | Both teams hot (HOT/WARM) | Good buffer (15.1 pts above minimum)
2025-10-31,New York Knicks @ Chicago Bulls,225.5,YES,83,83,260.0,True,WIN,Elite offense (avg ORtg: 119.4) | Fast pace (100.8) | Both teams neutral form
2025-11-10,Cleveland Cavaliers @ Miami Heat,232.5,MAYBE,75,75,278.0,True,SKIPPED,Elite offense (avg ORtg: 118.2) | Fast pace (103.8) | Good buffer (15.0 pts above minimum)
2025-11-10,Portland Trail Blazers @ Orlando Magic,221.5,YES,87,87,227.0,True,WIN,Elite offense (avg ORtg: 116.1) | Fast pace (101.8) | Both teams hot (WARM/HOT)
2025-11-10,Cleveland Cavaliers @ Miami Heat,232.5,MAYBE,75,75,278.0,True,SKIPPED,Elite offense (avg ORtg: 118.2) | Fast pace (103.8) | Good buffer (15.0 pts above minimum)
2025-11-10,Portland Trail Blazers @ Orlando Magic,221.5,YES,87,87,227.0,True,WIN,Elite offense (avg ORtg: 116.1) | Fast pace (101.8) | Both teams hot (WARM/HOT)
2025-11-10,Washington Wizards @ Detroit Pistons,216.5,NO,58,58,272.0,True,SKIPPED,Above-avg offense (avg ORtg: 112.4) | Fast pace (101.8) | Both teams neutral form
2025-11-10,Los Angeles Lakers @ Charlotte Hornets,220.0,NO,65,65,232.0,True,SKIPPED,Elite offense (avg ORtg: 117.2) | Above average pace (99.8) | Good buffer (15.0 pts above minimum)
2025-11-10,San Antonio Spurs @ Chicago Bulls,222.0,YES,83,83,238.0,True,WIN,Elite offense (avg ORtg: 117.2) | Fast pace (100.7) | Both teams neutral form
2025-11-10,Milwaukee Bucks @ Dallas Mavericks,214.5,NO,37,37,230.0,True,SKIPPED,Fast pace (101.8) | Moderate buffer (14.9 pts above minimum) | Milwaukee Bucks on back-to-back
2025-11-10,New Orleans Pelicans @ Phoenix Suns,212.0,NO,60,60,219.0,True,SKIPPED,Strong offense (avg ORtg: 114.5) | Above average pace (98.2) | Both teams neutral form
2025-11-10,Minnesota Timberwolves @ Utah Jazz,222.5,YES,82,82,233.0,True,WIN,Elite offense (avg ORtg: 117.5) | Fast pace (100.8) | Utah Jazz hot (HOT)
2025-11-10,Atlanta Hawks @ Los Angeles Clippers,213.5,NO,67,67,207.0,False,SKIPPED,Strong offense (avg ORtg: 114.3) | Above average pace (99.1) | Atlanta Hawks hot (HOT)
2025-11-10,Minnesota Timberwolves @ Utah Jazz,222.5,YES,82,82,233.0,True,WIN,Elite offense (avg ORtg: 117.5) | Fast pace (100.8) | Utah Jazz hot (HOT)
2025-11-10,New Orleans Pelicans @ Phoenix Suns,212.0,NO,60,60,219.0,True,SKIPPED,Strong offense (avg ORtg: 114.5) | Above average pace (98.2) | Both teams neutral form
2025-11-10,Milwaukee Bucks @ Dallas Mavericks,214.5,NO,37,37,230.0,True,SKIPPED,Fast pace (101.8) | Moderate buffer (14.9 pts above minimum) | Milwaukee Bucks on back-to-back
2025-11-10,San Antonio Spurs @ Chicago Bulls,222.0,YES,83,83,238.0,True,WIN,Elite offense (avg ORtg: 117.2) | Fast pace (100.7) | Both teams neutral form
2025-11-10,Atlanta Hawks @ Los Angeles Clippers,213.5,NO,67,67,207.0,False,SKIPPED,Strong offense (avg ORtg: 114.3) | Above average pace (99.1) | Atlanta Hawks hot (HOT)
2025-11-10,Los Angeles Lakers @ Charlotte Hornets,220.0,NO,65,65,232.0,True,SKIPPED,Elite offense (avg ORtg: 117.2) | Above average pace (99.8) | Good buffer (15.0 pts above minimum)
2025-11-10,Washington Wizards @ Detroit Pistons,216.5,NO,58,58,272.0,True,SKIPPED,Above-avg offense (avg ORtg: 112.4) | Fast pace (101.8) | Both teams neutral form
2025-11-03,Minnesota Timberwolves @ Brooklyn Nets,215.5,NO,59,59,234.0,True,SKIPPED,Strong offense (avg ORtg: 115.7) | Above average pace (99.5) | Brooklyn Nets hot (WARM)
2025-11-03,Milwaukee Bucks @ Indiana Pacers,213.5,NO,57,57,232.0,True,SKIPPED,Fast pace (101.1) | Indiana Pacers hot (WARM) | Good buffer (15.2 pts above minimum)
2025-11-03,Miami Heat @ Los Angeles Clippers,222.0,NO,57,57,239.0,True,SKIPPED,Strong offense (avg ORtg: 115.8) | Fast pace (101.0) | Moderate buffer (14.8 pts above minimum)
2025-11-03,Los Angeles Lakers @ Portland Trail Blazers,221.5,YES,82,82,238.0,True,WIN,Elite offense (avg ORtg: 116.7) | Fast pace (101.4) | Portland Trail Blazers hot (WARM)
2025-11-03,Milwaukee Bucks @ Indiana Pacers,213.5,NO,57,57,232.0,True,SKIPPED,Fast pace (101.1) | Indiana Pacers hot (WARM) | Good buffer (15.2 pts above minimum)
2025-11-03,Los Angeles Lakers @ Portland Trail Blazers,221.5,YES,82,82,238.0,True,WIN,Elite offense (avg ORtg: 116.7) | Fast pace (101.4) | Portland Trail Blazers hot (WARM)
2025-11-03,Sacramento Kings @ Denver Nuggets,222.5,YES,87,87,254.0,True,WIN,Elite offense (avg ORtg: 117.5) | Fast pace (100.8) | Sacramento Kings hot (WARM)
2025-11-03,Detroit Pistons @ Memphis Grizzlies,216.0,NO,62,62,220.0,True,SKIPPED,Above-avg offense (avg ORtg: 113.3) | Fast pace (101.5) | Memphis Grizzlies hot (WARM)
2025-11-03,Washington Wizards @ New York Knicks,220.5,NO,68,68,221.0,True,SKIPPED,Strong offense (avg ORtg: 115.5) | Fast pace (101.2) | Both teams neutral form
2025-11-03,Washington Wizards @ New York Knicks,220.5,NO,68,68,221.0,True,SKIPPED,Strong offense (avg ORtg: 115.5) | Fast pace (101.2) | Both teams neutral form
2025-11-03,Utah Jazz @ Boston Celtics,214.5,MAYBE,70,70,208.0,False,SKIPPED,Strong offense (avg ORtg: 115.9) | Above average pace (98.6) | Both teams hot (HOT/HOT)
2025-11-03,Minnesota Timberwolves @ Brooklyn Nets,215.5,NO,59,59,234.0,True,SKIPPED,Strong offense (avg ORtg: 115.7) | Above average pace (99.5) | Brooklyn Nets hot (WARM)
2025-11-03,Sacramento Kings @ Denver Nuggets,222.5,YES,87,87,254.0,True,WIN,Elite offense (avg ORtg: 117.5) | Fast pace (100.8) | Sacramento Kings hot (WARM)
2025-11-03,Detroit Pistons @ Memphis Grizzlies,216.0,NO,62,62,220.0,True,SKIPPED,Above-avg offense (avg ORtg: 113.3) | Fast pace (101.5) | Memphis Grizzlies hot (WARM)
2025-11-03,Dallas Mavericks @ Houston Rockets,219.5,MAYBE,77,77,212.0,False,SKIPPED,Strong offense (avg ORtg: 115.4) | Fast pace (100.2) | Houston Rockets hot (HOT)
2025-11-03,Utah Jazz @ Boston Celtics,214.5,MAYBE,70,70,208.0,False,SKIPPED,Strong offense (avg ORtg: 115.9) | Above average pace (98.6) | Both teams hot (HOT/HOT)
2025-11-03,Miami Heat @ Los Angeles Clippers,222.0,NO,57,57,239.0,True,SKIPPED,Strong offense (avg ORtg: 115.8) | Fast pace (101.0) | Moderate buffer (14.8 pts above minimum)
2025-11-03,Dallas Mavericks @ Houston Rockets,219.5,MAYBE,77,77,212.0,False,SKIPPED,Strong offense (avg ORtg: 115.4) | Fast pace (100.2) | Houston Rockets hot (HOT)
2025-10-27,Portland Trail Blazers @ Los Angeles Lakers,221.5,MAYBE,77,77,230.0,True,SKIPPED,Elite offense (avg ORtg: 116.7) | Fast pace (101.4) | Portland Trail Blazers hot (WARM)
2025-10-27,Memphis Grizzlies @ Golden State Warriors,213.0,NO,64,64,249.0,True,SKIPPED,Above-avg offense (avg ORtg: 112.0) | Fast pace (101.3) | Memphis Grizzlies hot (WARM)
2025-10-27,Boston Celtics @ New Orleans Pelicans,206.5,NO,45,45,212.0,True,SKIPPED,Above-avg offense (avg ORtg: 113.8) | Average pace (96.9) | Boston Celtics hot (HOT)
2025-10-27,Brooklyn Nets @ Houston Rockets,219.5,MAYBE,70,70,246.0,True,SKIPPED,Elite offense (avg ORtg: 118.5) | Average pace (98.0) | Both teams hot (WARM/HOT)
2025-10-27,Atlanta Hawks @ Chicago Bulls,220.5,MAYBE,77,77,251.0,True,SKIPPED,Strong offense (avg ORtg: 115.6) | Fast pace (101.9) | Atlanta Hawks hot (HOT)
2025-10-27,Orlando Magic @ Philadelphia 76ers,220.0,YES,95,95,260.0,True,WIN,Elite offense (avg ORtg: 116.6) | Fast pace (100.2) | Both teams hot (HOT/HOT)
2025-10-27,Cleveland Cavaliers @ Detroit Pistons,225.5,NO,62,62,211.0,False,SKIPPED,Elite offense (avg ORtg: 117.4) | Fast pace (101.5) | Moderate buffer (14.9 pts above minimum)
2025-10-27,Portland Trail Blazers @ Los Angeles Lakers,221.5,MAYBE,77,77,230.0,True,SKIPPED,Elite offense (avg ORtg: 116.7) | Fast pace (101.4) | Portland Trail Blazers hot (WARM)
2025-10-27,Phoenix Suns @ Utah Jazz,220.0,MAYBE,74,74,272.0,True,SKIPPED,Elite offense (avg ORtg: 116.7) | Above average pace (99.8) | Utah Jazz hot (HOT)
2025-10-27,Denver Nuggets @ Minnesota Timberwolves,231.0,NO,57,57,241.0,True,SKIPPED,Elite offense (avg ORtg: 122.6) | Above average pace (99.8) | Moderate buffer (14.9 pts above minimum)
2025-10-27,Toronto Raptors @ San Antonio Spurs,223.0,MAYBE,77,77,224.0,True,SKIPPED,Elite offense (avg ORtg: 118.5) | Fast pace (100.1) | Toronto Raptors hot (HOT)
2025-10-27,Phoenix Suns @ Utah Jazz,220.0,MAYBE,74,74,272.0,True,SKIPPED,Elite offense (avg ORtg: 116.7) | Above average pace (99.8) | Utah Jazz hot (HOT)
2025-10-27,Toronto Raptors @ San Antonio Spurs,223.0,MAYBE,77,77,224.0,True,SKIPPED,Elite offense (avg ORtg: 118.5) | Fast pace (100.1) | Toronto Raptors hot (HOT)
2025-10-27,Boston Celtics @ New Orleans Pelicans,206.5,NO,45,45,212.0,True,SKIPPED,Above-avg offense (avg ORtg: 113.8) | Average pace (96.9) | Boston Celtics hot (HOT)
2025-10-27,Denver Nuggets @ Minnesota Timberwolves,231.0,NO,57,57,241.0,True,SKIPPED,Elite offense (avg ORtg: 122.6) | Above average pace (99.8) | Moderate buffer (14.9 pts above minimum)
2025-10-27,Brooklyn Nets @ Houston Rockets,219.5,MAYBE,70,70,246.0,True,SKIPPED,Elite offense (avg ORtg: 118.5) | Average pace (98.0) | Both teams hot (WARM/HOT)
2025-10-27,Atlanta Hawks @ Chicago Bulls,220.5,MAYBE,77,77,251.0,True,SKIPPED,Strong offense (avg ORtg: 115.6) | Fast pace (101.9) | Atlanta Hawks hot (HOT)
2025-10-27,Orlando Magic @ Philadelphia 76ers,220.0,YES,95,95,260.0,True,WIN,Elite offense (avg ORtg: 116.6) | Fast pace (100.2) | Both teams hot (HOT/HOT)
2025-10-27,Cleveland Cavaliers @ Detroit Pistons,225.5,NO,62,62,211.0,False,SKIPPED,Elite offense (avg ORtg: 117.4) | Fast pace (101.5) | Moderate buffer (14.9 pts above minimum)
2025-10-27,Memphis Grizzlies @ Golden State Warriors,213.0,NO,64,64,249.0,True,SKIPPED,Above-avg offense (avg ORtg: 112.0) | Fast pace (101.3) | Memphis Grizzlies hot (WARM)
2025-10-27,Oklahoma City Thunder @ Dallas Mavericks,216.5,NO,50,50,195.0,False,SKIPPED,Above-avg offense (avg ORtg: 112.1) | Fast pace (101.0) | Good buffer (15.2 pts above minimum)
2025-10-27,Oklahoma City Thunder @ Dallas Mavericks,216.5,NO,50,50,195.0,False,SKIPPED,Above-avg offense (avg ORtg: 112.1) | Fast pace (101.0) | Good buffer (15.2 pts above minimum)
2025-11-01,Houston Rockets @ Boston Celtics,223.5,MAYBE,73,73,229.0,True,SKIPPED,Elite offense (avg ORtg: 121.9) | Average pace (96.9) | Both teams hot (HOT/HOT)
2025-11-01,Sacramento Kings @ Milwaukee Bucks,218.5,MAYBE,74,74,268.0,True,SKIPPED,Strong offense (avg ORtg: 114.4) | Fast pace (101.6) | Sacramento Kings hot (WARM)
2025-11-01,Dallas Mavericks @ Detroit Pistons,212.5,NO,42,42,232.0,True,SKIPPED,Fast pace (101.8) | Moderate buffer (14.9 pts above minimum) | Both teams rested (3+ days)
2025-11-01,Orlando Magic @ Washington Wizards,214.0,NO,57,57,219.0,True,SKIPPED,Fast pace (101.7) | Orlando Magic hot (HOT) | Good buffer (15.2 pts above minimum)
2025-11-01,Minnesota Timberwolves @ Charlotte Hornets,225.5,MAYBE,72,72,227.0,True,SKIPPED,Elite offense (avg ORtg: 119.4) | Fast pace (100.2) | Moderate buffer (14.8 pts above minimum)
2025-11-01,Golden State Warriors @ Indiana Pacers,208.5,NO,52,52,223.0,True,SKIPPED,Fast pace (100.9) | Indiana Pacers hot (WARM) | Good buffer (15.1 pts above minimum)
2025-11-01,Minnesota Timberwolves @ Charlotte Hornets,225.5,MAYBE,72,72,227.0,True,SKIPPED,Elite offense (avg ORtg: 119.4) | Fast pace (100.2) | Moderate buffer (14.8 pts above minimum)
2025-11-01,Golden State Warriors @ Indiana Pacers,208.5,NO,52,52,223.0,True,SKIPPED,Fast pace (100.9) | Indiana Pacers hot (WARM) | Good buffer (15.1 pts above minimum)
2025-11-01,Orlando Magic @ Washington Wizards,214.0,NO,57,57,219.0,True,SKIPPED,Fast pace (101.7) | Orlando Magic hot (HOT) | Good buffer (15.2 pts above minimum)
2025-11-01,Houston Rockets @ Boston Celtics,223.5,MAYBE,73,73,229.0,True,SKIPPED,Elite offense (avg ORtg: 121.9) | Average pace (96.9) | Both teams hot (HOT/HOT)
2025-11-01,Dallas Mavericks @ Detroit Pistons,212.5,NO,42,42,232.0,True,SKIPPED,Fast pace (101.8) | Moderate buffer (14.9 pts above minimum) | Both teams rested (3+ days)
2025-11-01,Sacramento Kings @ Milwaukee Bucks,218.5,MAYBE,74,74,268.0,True,SKIPPED,Strong offense (avg ORtg: 114.4) | Fast pace (101.6) | Sacramento Kings hot (WARM)
2025-11-08,Dallas Mavericks @ Washington Wizards,207.5,NO,35,35,216.0,True,SKIPPED,Fast pace (102.8) | Good buffer (15.2 pts above minimum)
2025-11-08,Dallas Mavericks @ Washington Wizards,207.5,NO,35,35,216.0,True,SKIPPED,Fast pace (102.8) | Good buffer (15.2 pts above minimum)
2025-11-08,Los Angeles Lakers @ Atlanta Hawks,218.0,MAYBE,72,72,224.0,True,SKIPPED,Strong offense (avg ORtg: 115.6) | Fast pace (100.8) | Atlanta Hawks hot (HOT)
2025-11-08,Chicago Bulls @ Cleveland Cavaliers,226.0,NO,62,62,250.0,True,SKIPPED,Elite offense (avg ORtg: 117.4) | Fast pace (102.2) | Moderate buffer (14.8 pts above minimum)
2025-11-08,Portland Trail Blazers @ Miami Heat,231.0,MAYBE,79,79,267.0,True,SKIPPED,Elite offense (avg ORtg: 117.5) | Fast pace (104.2) | Portland Trail Blazers hot (WARM)
2025-11-08,New Orleans Pelicans @ San Antonio Spurs,212.0,NO,55,55,245.0,True,SKIPPED,Strong offense (avg ORtg: 114.2) | Above average pace (98.4) | Both teams neutral form
2025-11-08,Indiana Pacers @ Denver Nuggets,218.0,MAYBE,72,72,217.0,False,SKIPPED,Strong offense (avg ORtg: 114.8) | Fast pace (100.2) | Indiana Pacers hot (WARM)
2025-11-08,Toronto Raptors @ Philadelphia 76ers,224.0,YES,90,90,250.0,True,WIN,Elite offense (avg ORtg: 118.5) | Fast pace (100.4) | Both teams hot (HOT/HOT)
2025-11-08,Phoenix Suns @ Los Angeles Clippers,215.0,NO,58,58,217.0,True,SKIPPED,Elite offense (avg ORtg: 116.3) | Average pace (97.6) | Good buffer (15.0 pts above minimum)
2025-11-08,Indiana Pacers @ Denver Nuggets,218.0,MAYBE,72,72,217.0,False,SKIPPED,Strong offense (avg ORtg: 114.8) | Fast pace (100.2) | Indiana Pacers hot (WARM)
2025-11-08,New Orleans Pelicans @ San Antonio Spurs,212.0,NO,55,55,245.0,True,SKIPPED,Strong offense (avg ORtg: 114.2) | Above average pace (98.4) | Both teams neutral form
2025-11-08,Portland Trail Blazers @ Miami Heat,231.0,MAYBE,79,79,267.0,True,SKIPPED,Elite offense (avg ORtg: 117.5) | Fast pace (104.2) | Portland Trail Blazers hot (WARM)
2025-11-08,Chicago Bulls @ Cleveland Cavaliers,226.0,NO,62,62,250.0,True,SKIPPED,Elite offense (avg ORtg: 117.4) | Fast pace (102.2) | Moderate buffer (14.8 pts above minimum)
2025-11-08,Los Angeles Lakers @ Atlanta Hawks,218.0,MAYBE,72,72,224.0,True,SKIPPED,Strong offense (avg ORtg: 115.6) | Fast pace (100.8) | Atlanta Hawks hot (HOT)
2025-11-08,Phoenix Suns @ Los Angeles Clippers,215.0,NO,58,58,217.0,True,SKIPPED,Elite offense (avg ORtg: 116.3) | Average pace (97.6) | Good buffer (15.0 pts above minimum)
2025-11-08,Toronto Raptors @ Philadelphia 76ers,224.0,YES,90,90,250.0,True,WIN,Elite offense (avg ORtg: 118.5) | Fast pace (100.4) | Both teams hot (HOT/HOT)
2025-10-25,Phoenix Suns @ Denver Nuggets,228.0,NO,68,68,244.0,True,SKIPPED,Elite offense (avg ORtg: 121.8) | Above average pace (98.9) | Both teams neutral form
2025-10-25,Indiana Pacers @ Memphis Grizzlies,206.5,NO,57,57,231.0,True,SKIPPED,Fast pace (101.8) | Both teams hot (WARM/WARM) | Moderate buffer (14.8 pts above minimum)
2025-10-25,Charlotte Hornets @ Philadelphia 76ers,223.0,MAYBE,77,77,246.0,True,SKIPPED,Elite offense (avg ORtg: 118.2) | Above average pace (99.8) | Philadelphia 76ers hot (HOT)
2025-10-25,Oklahoma City Thunder @ Atlanta Hawks,224.5,YES,82,82,217.0,False,LOSS,Elite offense (avg ORtg: 117.3) | Fast pace (100.5) | Atlanta Hawks hot (HOT)
2025-10-25,Chicago Bulls @ Orlando Magic,219.5,NO,69,69,208.0,False,SKIPPED,Strong offense (avg ORtg: 115.6) | Fast pace (101.3) | Orlando Magic hot (HOT)
2025-10-25,Phoenix Suns @ Denver Nuggets,228.0,NO,68,68,244.0,True,SKIPPED,Elite offense (avg ORtg: 121.8) | Above average pace (98.9) | Both teams neutral form
2025-10-25,Indiana Pacers @ Memphis Grizzlies,206.5,NO,57,57,231.0,True,SKIPPED,Fast pace (101.8) | Both teams hot (WARM/WARM) | Moderate buffer (14.8 pts above minimum)
2025-10-25,Charlotte Hornets @ Philadelphia 76ers,223.0,MAYBE,77,77,246.0,True,SKIPPED,Elite offense (avg ORtg: 118.2) | Above average pace (99.8) | Philadelphia 76ers hot (HOT)
2025-10-25,Oklahoma City Thunder @ Atlanta Hawks,224.5,YES,82,82,217.0,False,LOSS,Elite offense (avg ORtg: 117.3) | Fast pace (100.5) | Atlanta Hawks hot (HOT)
2025-10-25,Chicago Bulls @ Orlando Magic,219.5,NO,69,69,208.0,False,SKIPPED,Strong offense (avg ORtg: 115.6) | Fast pace (101.3) | Orlando Magic hot (HOT)
2025-11-02,Philadelphia 76ers @ Brooklyn Nets,213.0,MAYBE,75,75,234.0,True,SKIPPED,Strong offense (avg ORtg: 114.5) | Above average pace (99.2) | Both teams hot (HOT/WARM)
2025-11-02,Utah Jazz @ Charlotte Hornets,220.0,YES,82,82,229.0,True,WIN,Elite offense (avg ORtg: 116.2) | Fast pace (100.3) | Utah Jazz hot (HOT)
2025-11-02,Atlanta Hawks @ Cleveland Cavaliers,224.5,YES,84,84,226.0,True,WIN,Elite offense (avg ORtg: 116.8) | Fast pace (102.0) | Atlanta Hawks hot (HOT)
2025-11-02,Chicago Bulls @ New York Knicks,225.5,YES,83,83,244.0,True,WIN,Elite offense (avg ORtg: 119.4) | Fast pace (100.8) | Both teams neutral form
2025-11-02,Memphis Grizzlies @ Toronto Raptors,217.5,YES,85,85,221.0,True,WIN,Strong offense (avg ORtg: 114.5) | Fast pace (101.6) | Both teams hot (WARM/HOT)
2025-11-02,New Orleans Pelicans @ Oklahoma City Thunder,216.0,NO,52,52,243.0,True,SKIPPED,Strong offense (avg ORtg: 114.8) | Above average pace (98.4) | Moderate buffer (14.9 pts above minimum)
2025-11-02,San Antonio Spurs @ Phoenix Suns,222.0,MAYBE,70,70,248.0,True,SKIPPED,Elite offense (avg ORtg: 118.6) | Above average pace (99.0) | Both teams neutral form
2025-11-02,Chicago Bulls @ New York Knicks,225.5,YES,83,83,244.0,True,WIN,Elite offense (avg ORtg: 119.4) | Fast pace (100.8) | Both teams neutral form
2025-11-02,San Antonio Spurs @ Phoenix Suns,222.0,MAYBE,70,70,248.0,True,SKIPPED,Elite offense (avg ORtg: 118.6) | Above average pace (99.0) | Both teams neutral form
2025-11-02,Memphis Grizzlies @ Toronto Raptors,217.5,YES,85,85,221.0,True,WIN,Strong offense (avg ORtg: 114.5) | Fast pace (101.6) | Both teams hot (WARM/HOT)
2025-11-02,Atlanta Hawks @ Cleveland Cavaliers,224.5,YES,84,84,226.0,True,WIN,Elite offense (avg ORtg: 116.8) | Fast pace (102.0) | Atlanta Hawks hot (HOT)
2025-11-02,Utah Jazz @ Charlotte Hornets,220.0,YES,82,82,229.0,True,WIN,Elite offense (avg ORtg: 116.2) | Fast pace (100.3) | Utah Jazz hot (HOT)
2025-11-02,Philadelphia 76ers @ Brooklyn Nets,213.0,MAYBE,75,75,234.0,True,SKIPPED,Strong offense (avg ORtg: 114.5) | Above average pace (99.2) | Both teams hot (HOT/WARM)
2025-11-02,New Orleans Pelicans @ Oklahoma City Thunder,216.0,NO,52,52,243.0,True,SKIPPED,Strong offense (avg ORtg: 114.8) | Above average pace (98.4) | Moderate buffer (14.9 pts above minimum)
2025-11-02,Miami Heat @ Los Angeles Lakers,226.5,MAYBE,72,72,250.0,True,SKIPPED,Elite offense (avg ORtg: 117.0) | Fast pace (102.7) | Moderate buffer (14.9 pts above minimum)
2025-11-02,Miami Heat @ Los Angeles Lakers,226.5,MAYBE,72,72,250.0,True,SKIPPED,Elite offense (avg ORtg: 117.0) | Fast pace (102.7) | Moderate buffer (14.9 pts above minimum)
2025-11-09,Brooklyn Nets @ New York Knicks,216.0,MAYBE,77,77,232.0,True,SKIPPED,Elite offense (avg ORtg: 116.7) | Above average pace (99.0) | Brooklyn Nets hot (WARM)
2025-11-09,Detroit Pistons @ Philadelphia 76ers,222.5,YES,82,82,219.0,False,LOSS,Elite offense (avg ORtg: 117.3) | Fast pace (100.3) | Philadelphia 76ers hot (HOT)
2025-11-09,Boston Celtics @ Orlando Magic,214.0,YES,82,82,218.0,True,WIN,Elite offense (avg ORtg: 116.2) | Above average pace (98.4) | Both teams hot (HOT/HOT)
2025-11-09,Indiana Pacers @ Golden State Warriors,208.5,NO,52,52,197.0,False,SKIPPED,Fast pace (100.9) | Indiana Pacers hot (WARM) | Good buffer (15.1 pts above minimum)
2025-11-09,Minnesota Timberwolves @ Sacramento Kings,219.5,MAYBE,77,77,261.0,True,SKIPPED,Strong offense (avg ORtg: 115.6) | Fast pace (101.5) | Sacramento Kings hot (WARM)
2025-11-09,Oklahoma City Thunder @ Memphis Grizzlies,220.5,MAYBE,74,74,214.0,False,SKIPPED,Strong offense (avg ORtg: 114.9) | Fast pace (100.8) | Memphis Grizzlies hot (WARM)
2025-11-09,Houston Rockets @ Milwaukee Bucks,230.5,MAYBE,77,77,237.0,True,SKIPPED,Elite offense (avg ORtg: 122.3) | Above average pace (99.1) | Houston Rockets hot (HOT)
2025-11-09,Houston Rockets @ Milwaukee Bucks,230.5,MAYBE,77,77,237.0,True,SKIPPED,Elite offense (avg ORtg: 122.3) | Above average pace (99.1) | Houston Rockets hot (HOT)
2025-11-09,Oklahoma City Thunder @ Memphis Grizzlies,220.5,MAYBE,74,74,214.0,False,SKIPPED,Strong offense (avg ORtg: 114.9) | Fast pace (100.8) | Memphis Grizzlies hot (WARM)
2025-11-09,Brooklyn Nets @ New York Knicks,216.0,MAYBE,77,77,232.0,True,SKIPPED,Elite offense (avg ORtg: 116.7) | Above average pace (99.0) | Brooklyn Nets hot (WARM)
2025-11-09,Boston Celtics @ Orlando Magic,214.0,YES,82,82,218.0,True,WIN,Elite offense (avg ORtg: 116.2) | Above average pace (98.4) | Both teams hot (HOT/HOT)
2025-11-09,Detroit Pistons @ Philadelphia 76ers,222.5,YES,82,82,219.0,False,LOSS,Elite offense (avg ORtg: 117.3) | Fast pace (100.3) | Philadelphia 76ers hot (HOT)
2025-11-09,Minnesota Timberwolves @ Sacramento Kings,219.5,MAYBE,77,77,261.0,True,SKIPPED,Strong offense (avg ORtg: 115.6) | Fast pace (101.5) | Sacramento Kings hot (WARM)
2025-11-09,Indiana Pacers @ Golden State Warriors,208.5,NO,52,52,197.0,False,SKIPPED,Fast pace (100.9) | Indiana Pacers hot (WARM) | Good buffer (15.1 pts above minimum)
2025-10-26,New York Knicks @ Miami Heat,232.5,MAYBE,72,72,222.0,False,SKIPPED,Elite offense (avg ORtg: 120.2) | Fast pace (102.5) | Moderate buffer (14.9 pts above minimum)
2025-10-26,Milwaukee Bucks @ Cleveland Cavaliers,227.5,MAYBE,72,72,231.0,True,SKIPPED,Elite offense (avg ORtg: 118.5) | Fast pace (101.5) | Moderate buffer (14.9 pts above minimum)
2025-10-26,Indiana Pacers @ Minnesota Timberwolves,215.0,NO,59,59,224.0,True,SKIPPED,Above-avg offense (avg ORtg: 113.0) | Fast pace (101.0) | Indiana Pacers hot (WARM)
2025-10-26,Toronto Raptors @ Dallas Mavericks,214.0,NO,57,57,268.0,True,SKIPPED,Fast pace (101.8) | Toronto Raptors hot (HOT) | Good buffer (15.0 pts above minimum)
2025-10-26,Portland Trail Blazers @ Los Angeles Clippers,217.0,NO,67,67,221.0,True,SKIPPED,Strong offense (avg ORtg: 115.5) | Above average pace (99.7) | Portland Trail Blazers hot (WARM)
2025-10-26,Charlotte Hornets @ Washington Wizards,217.5,NO,55,55,252.0,True,SKIPPED,Above-avg offense (avg ORtg: 113.3) | Fast pace (101.3) | Both teams neutral form
2025-10-26,Milwaukee Bucks @ Cleveland Cavaliers,227.5,MAYBE,72,72,231.0,True,SKIPPED,Elite offense (avg ORtg: 118.5) | Fast pace (101.5) | Moderate buffer (14.9 pts above minimum)
2025-10-26,Indiana Pacers @ Minnesota Timberwolves,215.0,NO,59,59,224.0,True,SKIPPED,Above-avg offense (avg ORtg: 113.0) | Fast pace (101.0) | Indiana Pacers hot (WARM)
2025-10-26,Toronto Raptors @ Dallas Mavericks,214.0,NO,57,57,268.0,True,SKIPPED,Fast pace (101.8) | Toronto Raptors hot (HOT) | Good buffer (15.0 pts above minimum)
2025-10-26,Portland Trail Blazers @ Los Angeles Clippers,217.0,NO,67,67,221.0,True,SKIPPED,Strong offense (avg ORtg: 115.5) | Above average pace (99.7) | Portland Trail Blazers hot (WARM)
2025-10-26,Los Angeles Lakers @ Sacramento Kings,214.5,NO,64,64,247.0,True,SKIPPED,Above-avg offense (avg ORtg: 113.3) | Fast pace (101.2) | Sacramento Kings hot (WARM)
2025-10-26,Los Angeles Lakers @ Sacramento Kings,214.5,NO,64,64,247.0,True,SKIPPED,Above-avg offense (avg ORtg: 113.3) | Fast pace (101.2) | Sacramento Kings hot (WARM)
2025-10-26,Brooklyn Nets @ San Antonio Spurs,212.5,NO,64,64,225.0,True,SKIPPED,Strong offense (avg ORtg: 114.5) | Above average pace (98.8) | Brooklyn Nets hot (WARM)
2025-10-26,Boston Celtics @ Detroit Pistons,216.5,MAYBE,74,74,232.0,True,SKIPPED,Elite offense (avg ORtg: 116.9) | Above average pace (98.5) | Boston Celtics hot (HOT)
2025-10-26,Brooklyn Nets @ San Antonio Spurs,212.5,NO,64,64,225.0,True,SKIPPED,Strong offense (avg ORtg: 114.5) | Above average pace (98.8) | Brooklyn Nets hot (WARM)
2025-10-26,New York Knicks @ Miami Heat,232.5,MAYBE,72,72,222.0,False,SKIPPED,Elite offense (avg ORtg: 120.2) | Fast pace (102.5) | Moderate buffer (14.9 pts above minimum)
2025-10-26,Boston Celtics @ Detroit Pistons,216.5,MAYBE,74,74,232.0,True,SKIPPED,Elite offense (avg ORtg: 116.9) | Above average pace (98.5) | Boston Celtics hot (HOT)
2025-10-26,Charlotte Hornets @ Washington Wizards,217.5,NO,55,55,252.0,True,SKIPPED,Above-avg offense (avg ORtg: 113.3) | Fast pace (101.3) | Both teams neutral form
2025-11-13,Indiana Pacers @ Phoenix Suns,212.0,NO,62,62,231.0,True,SKIPPED,Above-avg offense (avg ORtg: 112.1) | Fast pace (100.1) | Indiana Pacers hot (WARM)
2025-11-13,Atlanta Hawks @ Utah Jazz,218.5,MAYBE,77,77,254.0,True,SKIPPED,Strong offense (avg ORtg: 114.7) | Fast pace (101.3) | Both teams hot (HOT/HOT)
2025-11-13,Atlanta Hawks @ Utah Jazz,218.5,MAYBE,77,77,254.0,True,SKIPPED,Strong offense (avg ORtg: 114.7) | Fast pace (101.3) | Both teams hot (HOT/HOT)
2025-11-13,Indiana Pacers @ Phoenix Suns,212.0,NO,62,62,231.0,True,SKIPPED,Above-avg offense (avg ORtg: 112.1) | Fast pace (100.1) | Indiana Pacers hot (WARM)
2025-11-13,Toronto Raptors @ Cleveland Cavaliers,227.0,YES,82,82,239.0,True,WIN,Elite offense (avg ORtg: 118.7) | Fast pace (101.6) | Toronto Raptors hot (HOT)
2025-11-13,Toronto Raptors @ Cleveland Cavaliers,227.0,YES,82,82,239.0,True,WIN,Elite offense (avg ORtg: 118.7) | Fast pace (101.6) | Toronto Raptors hot (HOT)
2025-11-06,Los Angeles Clippers @ Phoenix Suns,215.0,NO,58,58,217.0,True,SKIPPED,Elite offense (avg ORtg: 116.3) | Average pace (97.6) | Good buffer (15.0 pts above minimum)
2025-11-06,Los Angeles Clippers @ Phoenix Suns,215.0,NO,58,58,217.0,True,SKIPPED,Elite offense (avg ORtg: 116.3) | Average pace (97.6) | Good buffer (15.0 pts above minimum)
2025-10-23,Oklahoma City Thunder @ Indiana Pacers,216.0,NO,67,67,276.0,True,SKIPPED,Above-avg offense (avg ORtg: 112.4) | Fast pace (100.3) | Indiana Pacers hot (WARM)
2025-10-23,Denver Nuggets @ Golden State Warriors,224.5,MAYBE,73,73,268.0,True,SKIPPED,Elite offense (avg ORtg: 119.2) | Above average pace (99.8) | Both teams neutral form
2025-10-23,Oklahoma City Thunder @ Indiana Pacers,216.0,NO,67,67,276.0,True,SKIPPED,Above-avg offense (avg ORtg: 112.4) | Fast pace (100.3) | Indiana Pacers hot (WARM)
2025-10-23,Denver Nuggets @ Golden State Warriors,224.5,MAYBE,73,73,268.0,True,SKIPPED,Elite offense (avg ORtg: 119.2) | Above average pace (99.8) | Both teams neutral form
2025-10-30,Orlando Magic @ Charlotte Hornets,219.5,YES,82,82,230.0,True,WIN,Elite offense (avg ORtg: 116.5) | Fast pace (100.2) | Orlando Magic hot (HOT)
2025-10-30,Orlando Magic @ Charlotte Hornets,219.5,YES,82,82,230.0,True,WIN,Elite offense (avg ORtg: 116.5) | Fast pace (100.2) | Orlando Magic hot (HOT)
2025-10-30,Golden State Warriors @ Milwaukee Bucks,220.5,YES,80,80,230.0,True,WIN,Elite offense (avg ORtg: 116.1) | Fast pace (100.6) | Both teams neutral form
2025-10-30,Washington Wizards @ Oklahoma City Thunder,221.0,NO,65,65,235.0,True,SKIPPED,Strong offense (avg ORtg: 114.0) | Fast pace (101.0) | Good buffer (15.0 pts above minimum)
2025-10-30,Miami Heat @ San Antonio Spurs,228.5,MAYBE,75,75,208.0,False,SKIPPED,Elite offense (avg ORtg: 118.0) | Fast pace (102.4) | Good buffer (15.2 pts above minimum)
2025-10-30,Miami Heat @ San Antonio Spurs,228.5,MAYBE,75,75,208.0,False,SKIPPED,Elite offense (avg ORtg: 118.0) | Fast pace (102.4) | Good buffer (15.2 pts above minimum)
2025-10-30,Golden State Warriors @ Milwaukee Bucks,220.5,YES,80,80,230.0,True,WIN,Elite offense (avg ORtg: 116.1) | Fast pace (100.6) | Both teams neutral form
2025-10-30,Washington Wizards @ Oklahoma City Thunder,221.0,NO,65,65,235.0,True,SKIPPED,Strong offense (avg ORtg: 114.0) | Fast pace (101.0) | Good buffer (15.0 pts above minimum)
2025-11-11,Golden State Warriors @ Oklahoma City Thunder,222.5,NO,65,65,228.0,True,SKIPPED,Elite offense (avg ORtg: 116.7) | Above average pace (99.8) | Good buffer (15.1 pts above minimum)
2025-11-11,Memphis Grizzlies @ New York Knicks,220.0,YES,84,84,253.0,True,WIN,Elite offense (avg ORtg: 116.4) | Fast pace (100.9) | Memphis Grizzlies hot (WARM)
2025-11-11,Toronto Raptors @ Brooklyn Nets,213.5,MAYBE,75,75,228.0,True,SKIPPED,Strong offense (avg ORtg: 114.7) | Above average pace (99.7) | Both teams hot (HOT/WARM)
2025-11-11,Boston Celtics @ Philadelphia 76ers,217.5,YES,85,85,202.0,False,LOSS,Elite offense (avg ORtg: 117.9) | Above average pace (98.1) | Both teams hot (HOT/HOT)
2025-11-11,Toronto Raptors @ Brooklyn Nets,213.5,MAYBE,75,75,228.0,True,SKIPPED,Strong offense (avg ORtg: 114.7) | Above average pace (99.7) | Both teams hot (HOT/WARM)
2025-11-11,Denver Nuggets @ Sacramento Kings,222.5,YES,87,87,230.0,True,WIN,Elite offense (avg ORtg: 117.5) | Fast pace (100.8) | Sacramento Kings hot (WARM)
2025-11-11,Denver Nuggets @ Sacramento Kings,222.5,YES,87,87,230.0,True,WIN,Elite offense (avg ORtg: 117.5) | Fast pace (100.8) | Sacramento Kings hot (WARM)
2025-11-11,Indiana Pacers @ Utah Jazz,210.0,NO,57,57,280.0,True,SKIPPED,Fast pace (101.2) | Both teams hot (WARM/HOT) | Moderate buffer (14.8 pts above minimum)
2025-11-11,Boston Celtics @ Philadelphia 76ers,217.5,YES,85,85,202.0,False,LOSS,Elite offense (avg ORtg: 117.9) | Above average pace (98.1) | Both teams hot (HOT/HOT)
2025-11-11,Golden State Warriors @ Oklahoma City Thunder,222.5,NO,65,65,228.0,True,SKIPPED,Elite offense (avg ORtg: 116.7) | Above average pace (99.8) | Good buffer (15.1 pts above minimum)
2025-11-11,Memphis Grizzlies @ New York Knicks,220.0,YES,84,84,253.0,True,WIN,Elite offense (avg ORtg: 116.4) | Fast pace (100.9) | Memphis Grizzlies hot (WARM)
2025-11-11,Indiana Pacers @ Utah Jazz,210.0,NO,57,57,280.0,True,SKIPPED,Fast pace (101.2) | Both teams hot (WARM/HOT) | Moderate buffer (14.8 pts above minimum)
2025-11-04,Orlando Magic @ Atlanta Hawks,218.0,YES,82,82,239.0,True,WIN,Strong offense (avg ORtg: 115.0) | Fast pace (101.2) | Both teams hot (HOT/HOT)
2025-11-04,Milwaukee Bucks @ Toronto Raptors,225.0,YES,82,82,228.0,True,WIN,Elite offense (avg ORtg: 118.6) | Fast pace (100.8) | Toronto Raptors hot (HOT)
2025-11-04,Orlando Magic @ Atlanta Hawks,218.0,YES,82,82,239.0,True,WIN,Strong offense (avg ORtg: 115.0) | Fast pace (101.2) | Both teams hot (HOT/HOT)
2025-11-04,Philadelphia 76ers @ Chicago Bulls,223.0,YES,84,84,224.0,True,WIN,Elite offense (avg ORtg: 117.2) | Fast pace (101.0) | Philadelphia 76ers hot (HOT)
2025-11-04,Charlotte Hornets @ New Orleans Pelicans,212.5,NO,60,60,228.0,True,SKIPPED,Strong offense (avg ORtg: 114.1) | Above average pace (98.7) | Both teams neutral form
2025-11-04,Phoenix Suns @ Golden State Warriors,218.5,MAYBE,73,73,225.0,True,SKIPPED,Elite offense (avg ORtg: 116.4) | Above average pace (99.6) | Both teams neutral form
2025-11-04,Oklahoma City Thunder @ Los Angeles Clippers,219.0,NO,53,53,233.0,True,SKIPPED,Elite offense (avg ORtg: 116.7) | Average pace (97.8) | Good buffer (15.0 pts above minimum)
2025-11-04,Charlotte Hornets @ New Orleans Pelicans,212.5,NO,60,60,228.0,True,SKIPPED,Strong offense (avg ORtg: 114.1) | Above average pace (98.7) | Both teams neutral form
2025-11-04,Oklahoma City Thunder @ Los Angeles Clippers,219.0,NO,53,53,233.0,True,SKIPPED,Elite offense (avg ORtg: 116.7) | Average pace (97.8) | Good buffer (15.0 pts above minimum)
2025-11-04,Milwaukee Bucks @ Toronto Raptors,225.0,YES,82,82,228.0,True,WIN,Elite offense (avg ORtg: 118.6) | Fast pace (100.8) | Toronto Raptors hot (HOT)
2025-11-04,Phoenix Suns @ Golden State Warriors,218.5,MAYBE,73,73,225.0,True,SKIPPED,Elite offense (avg ORtg: 116.4) | Above average pace (99.6) | Both teams neutral form
2025-11-04,Philadelphia 76ers @ Chicago Bulls,223.0,YES,84,84,224.0,True,WIN,Elite offense (avg ORtg: 117.2) | Fast pace (101.0) | Philadelphia 76ers hot (HOT)
2025-10-21,Golden State Warriors @ Los Angeles Lakers,216.0,NO,65,65,228.0,True,SKIPPED,Strong offense (avg ORtg: 115.0) | Fast pace (100.2) | Good buffer (15.2 pts above minimum)
2025-10-21,Houston Rockets @ Oklahoma City Thunder,233.0,MAYBE,77,77,249.0,True,SKIPPED,Elite offense (avg ORtg: 122.9) | Above average pace (98.4) | Houston Rockets hot (HOT)
2025-10-21,Houston Rockets @ Oklahoma City Thunder,233.0,MAYBE,77,77,249.0,True,SKIPPED,Elite offense (avg ORtg: 122.9) | Above average pace (98.4) | Houston Rockets hot (HOT)
2025-10-21,Golden State Warriors @ Los Angeles Lakers,216.0,NO,65,65,228.0,True,SKIPPED,Strong offense (avg ORtg: 115.0) | Fast pace (100.2) | Good buffer (15.2 pts above minimum)
2025-10-28,Charlotte Hornets @ Miami Heat,229.0,MAYBE,75,75,261.0,True,SKIPPED,Elite offense (avg ORtg: 117.9) | Fast pace (102.7) | Good buffer (15.2 pts above minimum)
2025-10-28,New York Knicks @ Milwaukee Bucks,227.5,YES,80,80,232.0,True,WIN,Elite offense (avg ORtg: 120.5) | Fast pace (100.2) | Both teams neutral form
2025-10-28,Philadelphia 76ers @ Washington Wizards,218.0,NO,59,59,273.0,True,SKIPPED,Above-avg offense (avg ORtg: 113.4) | Fast pace (101.3) | Philadelphia 76ers hot (HOT)
2025-10-28,New York Knicks @ Milwaukee Bucks,227.5,YES,80,80,232.0,True,WIN,Elite offense (avg ORtg: 120.5) | Fast pace (100.2) | Both teams neutral form
2025-10-28,Sacramento Kings @ Oklahoma City Thunder,220.5,MAYBE,72,72,208.0,False,SKIPPED,Strong offense (avg ORtg: 115.0) | Fast pace (100.9) | Sacramento Kings hot (WARM)
2025-10-28,Los Angeles Clippers @ Golden State Warriors,211.5,NO,40,40,177.0,False,SKIPPED,Above-avg offense (avg ORtg: 113.8) | Above average pace (98.4) | Good buffer (15.1 pts above minimum)
2025-10-28,Charlotte Hornets @ Miami Heat,229.0,MAYBE,75,75,261.0,True,SKIPPED,Elite offense (avg ORtg: 117.9) | Fast pace (102.7) | Good buffer (15.2 pts above minimum)
2025-10-28,Los Angeles Clippers @ Golden State Warriors,211.5,NO,40,40,177.0,False,SKIPPED,Above-avg offense (avg ORtg: 113.8) | Above average pace (98.4) | Good buffer (15.1 pts above minimum)
2025-10-28,Philadelphia 76ers @ Washington Wizards,218.0,NO,59,59,273.0,True,SKIPPED,Above-avg offense (avg ORtg: 113.4) | Fast pace (101.3) | Philadelphia 76ers hot (HOT)
2025-10-28,Sacramento Kings @ Oklahoma City Thunder,220.5,MAYBE,72,72,208.0,False,SKIPPED,Strong offense (avg ORtg: 115.0) | Fast pace (100.9) | Sacramento Kings hot (WARM)
2025-11-12,Portland Trail Blazers @ New Orleans Pelicans,214.0,NO,67,67,242.0,True,SKIPPED,Above-avg offense (avg ORtg: 113.7) | Fast pace (100.2) | Portland Trail Blazers hot (WARM)
2025-11-12,Cleveland Cavaliers @ Miami Heat,232.5,MAYBE,75,75,246.0,True,SKIPPED,Elite offense (avg ORtg: 118.2) | Fast pace (103.8) | Good buffer (15.0 pts above minimum)
2025-11-12,Golden State Warriors @ San Antonio Spurs,218.5,NO,68,68,245.0,True,SKIPPED,Elite offense (avg ORtg: 116.0) | Above average pace (99.8) | Both teams neutral form
2025-11-12,Memphis Grizzlies @ Boston Celtics,211.0,NO,55,55,226.0,True,SKIPPED,Above-avg offense (avg ORtg: 113.9) | Above average pace (99.2) | Both teams hot (WARM/HOT)
2025-11-12,Phoenix Suns @ Dallas Mavericks,212.5,NO,45,45,237.0,True,SKIPPED,Fast pace (100.8) | Good buffer (15.2 pts above minimum) | Both teams rested (2+ days)
2025-11-12,Washington Wizards @ Houston Rockets,224.0,YES,87,87,247.0,True,WIN,Elite offense (avg ORtg: 117.4) | Fast pace (100.2) | Houston Rockets hot (HOT)
2025-11-12,Orlando Magic @ New York Knicks,223.0,MAYBE,79,79,231.0,True,SKIPPED,Elite offense (avg ORtg: 118.8) | Fast pace (100.1) | Orlando Magic hot (HOT)
2025-11-12,Atlanta Hawks @ Sacramento Kings,215.5,NO,67,67,233.0,True,SKIPPED,Above-avg offense (avg ORtg: 112.7) | Fast pace (102.2) | Both teams hot (HOT/WARM)
2025-11-12,Orlando Magic @ New York Knicks,223.0,MAYBE,79,79,231.0,True,SKIPPED,Elite offense (avg ORtg: 118.8) | Fast pace (100.1) | Orlando Magic hot (HOT)
2025-11-12,Chicago Bulls @ Detroit Pistons,222.0,YES,80,80,237.0,True,WIN,Elite offense (avg ORtg: 116.2) | Fast pace (101.4) | Both teams neutral form
2025-11-12,Milwaukee Bucks @ Charlotte Hornets,224.0,YES,83,83,211.0,False,LOSS,Elite offense (avg ORtg: 118.2) | Fast pace (100.2) | Both teams neutral form
2025-11-12,Los Angeles Lakers @ Oklahoma City Thunder,223.5,NO,60,60,213.0,False,SKIPPED,Elite offense (avg ORtg: 117.9) | Above average pace (99.6) | Good buffer (15.1 pts above minimum)
2025-11-12,Chicago Bulls @ Detroit Pistons,222.0,YES,80,80,237.0,True,WIN,Elite offense (avg ORtg: 116.2) | Fast pace (101.4) | Both teams neutral form
2025-11-12,Portland Trail Blazers @ New Orleans Pelicans,214.0,NO,67,67,242.0,True,SKIPPED,Above-avg offense (avg ORtg: 113.7) | Fast pace (100.2) | Portland Trail Blazers hot (WARM)
2025-11-12,Memphis Grizzlies @ Boston Celtics,211.0,NO,55,55,226.0,True,SKIPPED,Above-avg offense (avg ORtg: 113.9) | Above average pace (99.2) | Both teams hot (WARM/HOT)
2025-11-12,Milwaukee Bucks @ Charlotte Hornets,224.0,YES,83,83,211.0,False,LOSS,Elite offense (avg ORtg: 118.2) | Fast pace (100.2) | Both teams neutral form
2025-11-12,Atlanta Hawks @ Sacramento Kings,215.5,NO,67,67,233.0,True,SKIPPED,Above-avg offense (avg ORtg: 112.7) | Fast pace (102.2) | Both teams hot (HOT/WARM)
2025-11-12,Los Angeles Lakers @ Oklahoma City Thunder,223.5,NO,60,60,213.0,False,SKIPPED,Elite offense (avg ORtg: 117.9) | Above average pace (99.6) | Good buffer (15.1 pts above minimum)
2025-11-12,Phoenix Suns @ Dallas Mavericks,212.5,NO,45,45,237.0,True,SKIPPED,Fast pace (100.8) | Good buffer (15.2 pts above minimum) | Both teams rested (2+ days)
2025-11-12,Denver Nuggets @ Los Angeles Clippers,221.0,NO,53,53,246.0,True,SKIPPED,Elite offense (avg ORtg: 119.1) | Average pace (97.8) | Good buffer (15.0 pts above minimum)
2025-11-12,Golden State Warriors @ San Antonio Spurs,218.5,NO,68,68,245.0,True,SKIPPED,Elite offense (avg ORtg: 116.0) | Above average pace (99.8) | Both teams neutral form
2025-11-12,Washington Wizards @ Houston Rockets,224.0,YES,87,87,247.0,True,WIN,Elite offense (avg ORtg: 117.4) | Fast pace (100.2) | Houston Rockets hot (HOT)
2025-11-12,Cleveland Cavaliers @ Miami Heat,232.5,MAYBE,75,75,246.0,True,SKIPPED,Elite offense (avg ORtg: 118.2) | Fast pace (103.8) | Good buffer (15.0 pts above minimum)
2025-11-12,Denver Nuggets @ Los Angeles Clippers,221.0,NO,53,53,246.0,True,SKIPPED,Elite offense (avg ORtg: 119.1) | Average pace (97.8) | Good buffer (15.0 pts above minimum)
2025-11-05,Golden State Warriors @ Sacramento Kings,213.5,NO,59,59,237.0,True,SKIPPED,Above-avg offense (avg ORtg: 112.1) | Fast pace (101.5) | Sacramento Kings hot (WARM)
2025-11-05,Oklahoma City Thunder @ Portland Trail Blazers,228.0,YES,82,82,240.0,True,WIN,Elite offense (avg ORtg: 118.4) | Fast pace (101.1) | Portland Trail Blazers hot (WARM)
2025-11-05,San Antonio Spurs @ Los Angeles Lakers,219.5,NO,65,65,234.0,True,SKIPPED,Elite offense (avg ORtg: 117.2) | Above average pace (99.6) | Good buffer (15.0 pts above minimum)
2025-11-05,Miami Heat @ Denver Nuggets,235.0,MAYBE,72,72,234.0,False,SKIPPED,Elite offense (avg ORtg: 121.2) | Fast pace (102.3) | Moderate buffer (14.8 pts above minimum)
2025-11-05,New Orleans Pelicans @ Dallas Mavericks,202.5,NO,40,40,200.0,False,SKIPPED,Fast pace (100.2) | Good buffer (15.1 pts above minimum) | New Orleans Pelicans on back-to-back
2025-11-05,Houston Rockets @ Memphis Grizzlies,223.5,YES,82,82,233.0,True,WIN,Elite offense (avg ORtg: 118.3) | Above average pace (99.8) | Both teams hot (HOT/WARM)
2025-11-05,Brooklyn Nets @ Indiana Pacers,202.5,NO,52,52,215.0,True,SKIPPED,Above average pace (99.9) | Both teams hot (WARM/WARM) | Moderate buffer (14.9 pts above minimum)
2025-11-05,New Orleans Pelicans @ Dallas Mavericks,202.5,NO,40,40,200.0,False,SKIPPED,Fast pace (100.2) | Good buffer (15.1 pts above minimum) | New Orleans Pelicans on back-to-back
2025-11-05,Philadelphia 76ers @ Cleveland Cavaliers,226.5,YES,82,82,253.0,True,WIN,Elite offense (avg ORtg: 118.4) | Fast pace (101.1) | Philadelphia 76ers hot (HOT)
2025-11-05,Philadelphia 76ers @ Cleveland Cavaliers,226.5,YES,82,82,253.0,True,WIN,Elite offense (avg ORtg: 118.4) | Fast pace (101.1) | Philadelphia 76ers hot (HOT)
2025-11-05,Utah Jazz @ Detroit Pistons,219.5,MAYBE,77,77,217.0,False,SKIPPED,Strong offense (avg ORtg: 115.3) | Fast pace (100.8) | Utah Jazz hot (HOT)
2025-11-05,Utah Jazz @ Detroit Pistons,219.5,MAYBE,77,77,217.0,False,SKIPPED,Strong offense (avg ORtg: 115.3) | Fast pace (100.8) | Utah Jazz hot (HOT)
2025-11-05,Washington Wizards @ Boston Celtics,211.5,NO,57,57,243.0,True,SKIPPED,Above-avg offense (avg ORtg: 113.0) | Above average pace (99.5) | Boston Celtics hot (HOT)
2025-11-05,Minnesota Timberwolves @ New York Knicks,228.5,MAYBE,75,75,251.0,True,SKIPPED,Elite offense (avg ORtg: 121.7) | Fast pace (100.1) | Good buffer (15.0 pts above minimum)
2025-11-05,Brooklyn Nets @ Indiana Pacers,202.5,NO,52,52,215.0,True,SKIPPED,Above average pace (99.9) | Both teams hot (WARM/WARM) | Moderate buffer (14.9 pts above minimum)
2025-11-05,Minnesota Timberwolves @ New York Knicks,228.5,MAYBE,75,75,251.0,True,SKIPPED,Elite offense (avg ORtg: 121.7) | Fast pace (100.1) | Good buffer (15.0 pts above minimum)
2025-11-05,Miami Heat @ Denver Nuggets,235.0,MAYBE,72,72,234.0,False,SKIPPED,Elite offense (avg ORtg: 121.2) | Fast pace (102.3) | Moderate buffer (14.8 pts above minimum)
2025-11-05,San Antonio Spurs @ Los Angeles Lakers,219.5,NO,65,65,234.0,True,SKIPPED,Elite offense (avg ORtg: 117.2) | Above average pace (99.6) | Good buffer (15.0 pts above minimum)
2025-11-05,Oklahoma City Thunder @ Portland Trail Blazers,228.0,YES,82,82,240.0,True,WIN,Elite offense (avg ORtg: 118.4) | Fast pace (101.1) | Portland Trail Blazers hot (WARM)
2025-11-05,Golden State Warriors @ Sacramento Kings,213.5,NO,59,59,237.0,True,SKIPPED,Above-avg offense (avg ORtg: 112.1) | Fast pace (101.5) | Sacramento Kings hot (WARM)
2025-11-05,Houston Rockets @ Memphis Grizzlies,223.5,YES,82,82,233.0,True,WIN,Elite offense (avg ORtg: 118.3) | Above average pace (99.8) | Both teams hot (HOT/WARM)
2025-11-05,Washington Wizards @ Boston Celtics,211.5,NO,57,57,243.0,True,SKIPPED,Above-avg offense (avg ORtg: 113.0) | Above average pace (99.5) | Boston Celtics hot (HOT)
2025-10-22,Detroit Pistons @ Chicago Bulls,222.0,YES,80,80,226.0,True,WIN,Elite offense (avg ORtg: 116.2) | Fast pace (101.4) | Both teams neutral form
2025-10-22,Toronto Raptors @ Atlanta Hawks,222.0,YES,92,92,256.0,True,WIN,Elite offense (avg ORtg: 116.8) | Fast pace (101.3) | Both teams hot (HOT/HOT)
2025-10-22,Philadelphia 76ers @ Boston Celtics,217.5,YES,85,85,233.0,True,WIN,Elite offense (avg ORtg: 117.9) | Above average pace (98.1) | Both teams hot (HOT/HOT)
2025-10-22,Miami Heat @ Orlando Magic,226.0,YES,87,87,246.0,True,WIN,Elite offense (avg ORtg: 116.3) | Fast pace (103.0) | Orlando Magic hot (HOT)
2025-10-22,Cleveland Cavaliers @ New York Knicks,229.5,MAYBE,72,72,230.0,True,SKIPPED,Elite offense (avg ORtg: 120.6) | Fast pace (100.9) | Moderate buffer (14.8 pts above minimum)
2025-10-22,Brooklyn Nets @ Charlotte Hornets,213.0,NO,64,64,253.0,True,SKIPPED,Strong offense (avg ORtg: 114.4) | Above average pace (99.1) | Brooklyn Nets hot (WARM)
2025-10-22,New Orleans Pelicans @ Memphis Grizzlies,206.0,NO,47,47,250.0,True,SKIPPED,Above average pace (99.9) | Memphis Grizzlies hot (WARM) | Good buffer (15.2 pts above minimum)
2025-10-22,Sacramento Kings @ Phoenix Suns,216.5,MAYBE,77,77,236.0,True,SKIPPED,Strong offense (avg ORtg: 114.7) | Fast pace (100.7) | Sacramento Kings hot (WARM)
2025-10-22,Sacramento Kings @ Phoenix Suns,216.5,MAYBE,77,77,236.0,True,SKIPPED,Strong offense (avg ORtg: 114.7) | Fast pace (100.7) | Sacramento Kings hot (WARM)
2025-10-22,Minnesota Timberwolves @ Portland Trail Blazers,227.0,YES,87,87,232.0,True,WIN,Elite offense (avg ORtg: 119.0) | Fast pace (101.8) | Portland Trail Blazers hot (WARM)
2025-10-22,San Antonio Spurs @ Dallas Mavericks,212.5,NO,45,45,217.0,True,SKIPPED,Fast pace (101.0) | Good buffer (15.1 pts above minimum) | Both teams rested (99+ days)
2025-10-22,Los Angeles Clippers @ Utah Jazz,213.0,NO,64,64,237.0,True,SKIPPED,Strong offense (avg ORtg: 114.0) | Above average pace (98.7) | Utah Jazz hot (HOT)
2025-10-22,Washington Wizards @ Milwaukee Bucks,218.5,NO,63,63,253.0,True,SKIPPED,Above-avg offense (avg ORtg: 113.5) | Fast pace (101.8) | Both teams neutral form
2025-10-22,Detroit Pistons @ Chicago Bulls,222.0,YES,80,80,226.0,True,WIN,Elite offense (avg ORtg: 116.2) | Fast pace (101.4) | Both teams neutral form
2025-10-22,Toronto Raptors @ Atlanta Hawks,222.0,YES,92,92,256.0,True,WIN,Elite offense (avg ORtg: 116.8) | Fast pace (101.3) | Both teams hot (HOT/HOT)
2025-10-22,Philadelphia 76ers @ Boston Celtics,217.5,YES,85,85,233.0,True,WIN,Elite offense (avg ORtg: 117.9) | Above average pace (98.1) | Both teams hot (HOT/HOT)
2025-10-22,Cleveland Cavaliers @ New York Knicks,229.5,MAYBE,72,72,230.0,True,SKIPPED,Elite offense (avg ORtg: 120.6) | Fast pace (100.9) | Moderate buffer (14.8 pts above minimum)
2025-10-22,Brooklyn Nets @ Charlotte Hornets,213.0,NO,64,64,253.0,True,SKIPPED,Strong offense (avg ORtg: 114.4) | Above average pace (99.1) | Brooklyn Nets hot (WARM)
2025-10-22,New Orleans Pelicans @ Memphis Grizzlies,206.0,NO,47,47,250.0,True,SKIPPED,Above average pace (99.9) | Memphis Grizzlies hot (WARM) | Good buffer (15.2 pts above minimum)
2025-10-22,Washington Wizards @ Milwaukee Bucks,218.5,NO,63,63,253.0,True,SKIPPED,Above-avg offense (avg ORtg: 113.5) | Fast pace (101.8) | Both teams neutral form
2025-10-22,Miami Heat @ Orlando Magic,226.0,YES,87,87,246.0,True,WIN,Elite offense (avg ORtg: 116.3) | Fast pace (103.0) | Orlando Magic hot (HOT)
2025-10-22,San Antonio Spurs @ Dallas Mavericks,212.5,NO,45,45,217.0,True,SKIPPED,Fast pace (101.0) | Good buffer (15.1 pts above minimum) | Both teams rested (99+ days)
2025-10-22,Minnesota Timberwolves @ Portland Trail Blazers,227.0,YES,87,87,232.0,True,WIN,Elite offense (avg ORtg: 119.0) | Fast pace (101.8) | Portland Trail Blazers hot (WARM)
2025-10-22,Los Angeles Clippers @ Utah Jazz,213.0,NO,64,64,237.0,True,SKIPPED,Strong offense (avg ORtg: 114.0) | Above average pace (98.7) | Utah Jazz hot (HOT)
2025-10-29,New Orleans Pelicans @ Denver Nuggets,218.0,MAYBE,70,70,210.0,False,SKIPPED,Elite offense (avg ORtg: 117.3) | Above average pace (98.3) | Both teams neutral form
2025-10-29,Portland Trail Blazers @ Utah Jazz,222.0,YES,82,82,270.0,True,WIN,Strong offense (avg ORtg: 115.8) | Fast pace (101.9) | Both teams hot (WARM/HOT)
2025-10-29,Indiana Pacers @ Dallas Mavericks,202.5,NO,57,57,212.0,True,SKIPPED,Fast pace (102.1) | Indiana Pacers hot (WARM) | Good buffer (15.2 pts above minimum)
2025-10-29,Sacramento Kings @ Chicago Bulls,217.0,NO,59,59,239.0,True,SKIPPED,Above-avg offense (avg ORtg: 113.3) | Fast pace (102.3) | Sacramento Kings hot (WARM)
2025-10-29,Atlanta Hawks @ Brooklyn Nets,211.0,MAYBE,75,75,229.0,True,SKIPPED,Above-avg offense (avg ORtg: 112.8) | Fast pace (100.1) | Both teams hot (HOT/WARM)
2025-10-29,Orlando Magic @ Detroit Pistons,219.0,MAYBE,74,74,251.0,True,SKIPPED,Strong offense (avg ORtg: 115.6) | Fast pace (100.7) | Orlando Magic hot (HOT)
2025-10-29,Cleveland Cavaliers @ Boston Celtics,220.5,MAYBE,74,74,230.0,True,SKIPPED,Elite offense (avg ORtg: 118.1) | Above average pace (99.2) | Boston Celtics hot (HOT)
2025-10-29,Houston Rockets @ Toronto Raptors,230.5,YES,82,82,260.0,True,WIN,Elite offense (avg ORtg: 122.5) | Above average pace (99.2) | Both teams hot (HOT/HOT)
2025-10-29,Memphis Grizzlies @ Phoenix Suns,216.5,MAYBE,74,74,227.0,True,SKIPPED,Strong offense (avg ORtg: 114.7) | Fast pace (100.5) | Memphis Grizzlies hot (WARM)
2025-10-29,New Orleans Pelicans @ Denver Nuggets,218.0,MAYBE,70,70,210.0,False,SKIPPED,Elite offense (avg ORtg: 117.3) | Above average pace (98.3) | Both teams neutral form
2025-10-29,Portland Trail Blazers @ Utah Jazz,222.0,YES,82,82,270.0,True,WIN,Strong offense (avg ORtg: 115.8) | Fast pace (101.9) | Both teams hot (WARM/HOT)
2025-10-29,Indiana Pacers @ Dallas Mavericks,202.5,NO,57,57,212.0,True,SKIPPED,Fast pace (102.1) | Indiana Pacers hot (WARM) | Good buffer (15.2 pts above minimum)
2025-10-29,Sacramento Kings @ Chicago Bulls,217.0,NO,59,59,239.0,True,SKIPPED,Above-avg offense (avg ORtg: 113.3) | Fast pace (102.3) | Sacramento Kings hot (WARM)
2025-10-29,Atlanta Hawks @ Brooklyn Nets,211.0,MAYBE,75,75,229.0,True,SKIPPED,Above-avg offense (avg ORtg: 112.8) | Fast pace (100.1) | Both teams hot (HOT/WARM)
2025-10-29,Memphis Grizzlies @ Phoenix Suns,216.5,MAYBE,74,74,227.0,True,SKIPPED,Strong offense (avg ORtg: 114.7) | Fast pace (100.5) | Memphis Grizzlies hot (WARM)
2025-10-29,Orlando Magic @ Detroit Pistons,219.0,MAYBE,74,74,251.0,True,SKIPPED,Strong offense (avg ORtg: 115.6) | Fast pace (100.7) | Orlando Magic hot (HOT)
2025-10-29,Cleveland Cavaliers @ Boston Celtics,220.5,MAYBE,74,74,230.0,True,SKIPPED,Elite offense (avg ORtg: 118.1) | Above average pace (99.2) | Boston Celtics hot (HOT)
2025-10-29,Houston Rockets @ Toronto Raptors,230.5,YES,82,82,260.0,True,WIN,Elite offense (avg ORtg: 122.5) | Above average pace (99.2) | Both teams hot (HOT/HOT)
2025-10-29,Los Angeles Lakers @ Minnesota Timberwolves,222.5,MAYBE,75,75,231.0,True,SKIPPED,Elite offense (avg ORtg: 118.5) | Fast pace (100.2) | Good buffer (15.0 pts above minimum)
2025-10-29,Los Angeles Lakers @ Minnesota Timberwolves,222.5,MAYBE,75,75,231.0,True,SKIPPED,Elite offense (avg ORtg: 118.5) | Fast pace (100.2) | Good buffer (15.0 pts above minimum)
